serial_no,title,authors,journal,abstract,publish_date,doi,url,source
1,Towards Smart Healthcare: Challenges and Opportunities in IoT and ML,Munshi Saifuzzaman; Tajkia Nuri Ananna,"Journal reference: IoT and ML for Information Management: A Smart Healthcare Perspective, Studies in Computational Intelligence, Vol. 1169, Springer, 2024","The COVID-19 pandemic and other ongoing health crises have underscored the need for prompt healthcare services worldwide. The traditional healthcare system, centered around hospitals and clinics, has proven inadequate in the face of such challenges. Intelligent wearable devices, a key part of modern healthcare, leverage Internet of Things technology to collect extensive data related to the environment as well as psychological, behavioral, and physical health. However, managing the substantial data generated by these wearables and other IoT devices in healthcare poses a significant challenge, potentially impeding decision-making processes. Recent interest has grown in applying data analytics for extracting information, gaining insights, and making predictions. Additionally, machine learning, known for addressing various big data and networking challenges, has seen increased implementation to enhance IoT systems in healthcare. This chapter focuses exclusively on exploring the hurdles encountered when integrating ML methods into the IoT healthcare sector. It offers a comprehensive summary of current research challenges and potential opportunities, categorized into three scenarios: IoT-based, ML-based, and the implementation of machine learning methodologies in the IoT-based healthcare industry. This compilation will assist future researchers, healthcare professionals, and government agencies by offering valuable insights into recent smart healthcare advancements.",2023-12-09,10.1007/978-981-97-5624-7_10,http://arxiv.org/abs/2312.05530v2,arxiv
2,Introduction to IoT,Tajkia Nuri Ananna; Munshi Saifuzzaman,"In: Namasudra, S. (eds) IoT and ML for Information Management: A Smart Healthcare Perspective. Studies in Computational Intelligence, vol 1169. Springer, Singapore (2024)","The Internet of Things has rapidly transformed the 21st century, enhancing decision-making processes and introducing innovative consumer services such as pay-as-you-use models. The integration of smart devices and automation technologies has revolutionized every aspect of our lives, from health services to the manufacturing industry, and from the agriculture sector to mining. Alongside the positive aspects, it is also essential to recognize the significant safety, security, and trust concerns in this technological landscape. This chapter serves as a comprehensive guide for newcomers interested in the IoT domain, providing a foundation for making future contributions. Specifically, it discusses the overview, historical evolution, key characteristics, advantages, architectures, taxonomy of technologies, and existing applications in major IoT domains. In addressing prevalent issues and challenges in designing and deploying IoT applications, the chapter examines security threats across architectural layers, ethical considerations, user privacy concerns, and trust-related issues. This discussion equips researchers with a solid understanding of diverse IoT aspects, providing a comprehensive understanding of IoT technology along with insights into the extensive potential and impact of this transformative field.",2023-12-09,10.1007/978-981-97-5624-7_1,http://arxiv.org/abs/2312.06689v2,arxiv
3,Autonomous Low Power IoT System Architecture for Cybersecurity Monitoring,Zag ElSayed; Nelly Elsayed; Chengcheng Li; Magdy Bayoumi,,"Network security morning (NSM) is essential for any cybersecurity system, where the average cost of a cyber attack is 1.1 million. No matter how secure a system, it will eventually fail without proper and continuous monitoring. No wonder that the cybersecurity market is expected to grow up to $170.4 billion in 2022. However, the majority of legacy industries do not invest in NSM implementation until it is too late due to the initial and operation costs and static unutilized resources. Thus, this paper proposes a novel dynamic Internet of things (IoT) architecture for an industrial NSM that features a low installation and operation cost, low power consumption, intelligent organization behavior, and environmentally friendly operation. As a case study, the system is implemented in a mid-range oil a gas manufacturing facility in the southern states with more than 300 machines and servers over three remote locations and a production plant that features a challenging atmosphere condition. The proposed system successfully shows a significant saving (>65%) in power consumption, acquires one-tenth of the installation cost, develops an intelligent operation expert system tool as well as saves the environment from more than 500mg of CO2 pollution per hour, promoting green IoT systems.",2021-06-01,,http://arxiv.org/abs/2106.00834v4,arxiv
4,Security for the Industrial IoT: The Case for Information-Centric Networking,Michael Frey; Cenk Gündoğan; Peter Kietzmann; Martine Lenders; Hauke Petersen; Thomas C. Schmidt; Felix Shzu-Juraschek; Matthias Wählisch,"Proceedings of the IEEE World Forum on Internet of Things (WF-IoT), 2019","Industrial production plants traditionally include sensors for monitoring or documenting processes, and actuators for enabling corrective actions in cases of misconfigurations, failures, or dangerous events. With the advent of the IoT, embedded controllers link these `things' to local networks that often are of low power wireless kind, and are interconnected via gateways to some cloud from the global Internet. Inter-networked sensors and actuators in the industrial IoT form a critical subsystem while frequently operating under harsh conditions. It is currently under debate how to approach inter-networking of critical industrial components in a safe and secure manner.   In this paper, we analyze the potentials of ICN for providing a secure and robust networking solution for constrained controllers in industrial safety systems. We showcase hazardous gas sensing in widespread industrial environments, such as refineries, and compare with IP-based approaches such as CoAP and MQTT. Our findings indicate that the content-centric security model, as well as enhanced DoS resistance are important arguments for deploying Information Centric Networking in a safety-critical industrial IoT. Evaluation of the crypto efforts on the RIOT operating system for content security reveal its feasibility for common deployment scenarios.",2018-10-10,,http://arxiv.org/abs/1810.04645v2,arxiv
5,Marine IoT Systems with Space-Air-Sea Integrated Networks: Hybrid LEO and UAV Edge Computing,Sooyeob Jung; Seongah Jeong; Jinkyu Kang; Joonhyuk Kang,,"Marine Internet of Things (IoT) systems have grown substantially with the development of non-terrestrial networks (NTN) via aerial and space vehicles in the upcoming sixth-generation (6G), thereby assisting environment protection, military reconnaissance, and sea transportation. Due to unpredictable climate changes and the extreme channel conditions of maritime networks, however, it is challenging to efficiently and reliably collect and compute a huge amount of maritime data. In this paper, we propose a hybrid low-Earth orbit (LEO) and unmanned aerial vehicle (UAV) edge computing method in space-air-sea integrated networks for marine IoT systems. Specifically, two types of edge servers mounted on UAVs and LEO satellites are endowed with computational capabilities for the real-time utilization of a sizable data collected from ocean IoT sensors. Our system aims at minimizing the total energy consumption of the battery-constrained UAV by jointly optimizing the bit allocation of communication and computation along with the UAV path planning under latency, energy budget and operational constraints. For availability and practicality, the proposed methods were developed for three different cases according to the accessibility of the LEO satellite, ``Always On,"" ``Always Off"" and ``Intermediate Disconnected"", by leveraging successive convex approximation (SCA) strategies. Via numerical results, we verify that significant energy savings can be accrued for all cases of LEO accessibility by means of joint optimization of bit allocation and UAV path planning compared to partial optimization schemes that design for only the bit allocation or trajectory of the UAV.",2023-01-10,,http://arxiv.org/abs/2301.03815v1,arxiv
6,Privacy-preserving machine learning for healthcare: open challenges and future perspectives,Alejandro Guerra-Manzanares; L. Julian Lechuga Lopez; Michail Maniatakos; Farah E. Shamout,"Trustworthy Machine Learning for Healthcare. TML4H 2023. Lecture Notes in Computer Science, vol 13932","Machine Learning (ML) has recently shown tremendous success in modeling various healthcare prediction tasks, ranging from disease diagnosis and prognosis to patient treatment. Due to the sensitive nature of medical data, privacy must be considered along the entire ML pipeline, from model training to inference. In this paper, we conduct a review of recent literature concerning Privacy-Preserving Machine Learning (PPML) for healthcare. We primarily focus on privacy-preserving training and inference-as-a-service, and perform a comprehensive review of existing trends, identify challenges, and discuss opportunities for future research directions. The aim of this review is to guide the development of private and efficient ML models in healthcare, with the prospects of translating research efforts into real-world settings.",2023-03-27,10.1007/978-3-031-39539-0_3,http://arxiv.org/abs/2303.15563v1,arxiv
7,A Context Aware Framework for IoT Based Healthcare Monitoring Systems,Yousef Abuseta,"International Journal of Advanced Studies in Computer Science and Engineering (ISSN : 2278 7917) , volume 9, issue 7, 2020","This paper introduces an investigation of the healthcare monitoring systems and their provisioning in the IoT platform. The different roles that exist in healthcare systems are specified and modeled here. This paper also attempts to introduce and propose a generic framework for the design and development of context aware healthcare monitoring systems in the IoT platform. In such a framework, the fundamental components of the healthcare monitoring systems are identified and modelled as well as the relationship between these components. The paper also stresses on the crucial role played by the AI field in addressing resilient context aware healthcare monitoring systems. Architecturally, this framework is based on a distributed layered architecture where the different components are deployed over the physical layer, fog platform and the cloud platform.",2020-08-21,,http://arxiv.org/abs/2008.10341v1,arxiv
8,Document Understanding for Healthcare Referrals,Jimit Mistry; Natalia M. Arzeno,2023 IEEE 11th International Conference on Healthcare Informatics (ICHI),"Reliance on scanned documents and fax communication for healthcare referrals leads to high administrative costs and errors that may affect patient care. In this work we propose a hybrid model leveraging LayoutLMv3 along with domain-specific rules to identify key patient, physician, and exam-related entities in faxed referral documents. We explore some of the challenges in applying a document understanding model to referrals, which have formats varying by medical practice, and evaluate model performance using MUC-5 metrics to obtain appropriate metrics for the practical use case. Our analysis shows the addition of domain-specific rules to the transformer model yields greatly increased precision and F1 scores, suggesting a hybrid model trained on a curated dataset can increase efficiency in referral management.",2023-09-22,10.1109/ICHI57859.2023.00067,http://arxiv.org/abs/2309.13184v1,arxiv
9,A Fair and Ethical Healthcare Artificial Intelligence System for Monitoring Driver Behavior and Preventing Road Accidents,Soraia Oueida; Soaad Hossain; Yehia Kotb; Syed Ishtiaque Ahmed,,"This paper presents a new approach to prevent transportation accidents and monitor driver's behavior using a healthcare AI system that incorporates fairness and ethics. Dangerous medical cases and unusual behavior of the driver are detected. Fairness algorithm is approached in order to improve decision-making and address ethical issues such as privacy issues, and to consider challenges that appear in the wild within AI in healthcare and driving. A healthcare professional will be alerted about any unusual activity, and the driver's location when necessary, is provided in order to enable the healthcare professional to immediately help to the unstable driver. Therefore, using the healthcare AI system allows for accidents to be predicted and thus prevented and lives may be saved based on the built-in AI system inside the vehicle which interacts with the ER system.",2021-06-16,10.1007/978-3-030-89880-9_33,http://arxiv.org/abs/2107.14077v2,arxiv
10,"Federated Learning for Healthcare Domain - Pipeline, Applications and Challenges",Madhura Joshi; Ankit Pal; Malaikannan Sankarasubbu,"ACM Transactions on Computing for Healthcare, Vol. 3, No. 4, Article 40. Publication date: October 2022","Federated learning is the process of developing machine learning models over datasets distributed across data centers such as hospitals, clinical research labs, and mobile devices while preventing data leakage. This survey examines previous research and studies on federated learning in the healthcare sector across a range of use cases and applications. Our survey shows what challenges, methods, and applications a practitioner should be aware of in the topic of federated learning. This paper aims to lay out existing research and list the possibilities of federated learning for healthcare industries.",2022-11-15,10.1145/3533708,http://arxiv.org/abs/2211.07893v2,arxiv
11,Narrowband IoT for Healthcare,Sudhir K. Routray; Sharath Anand,,"The Internet of Things (IoT) is going to have its presence in all the essential sectors of human lives. It has the ability to provide both mainstream as well as the value added services in almost all the sectors. Healthcare is an important service sector for overall development. It has far reaching implications in the quality of living. In the modern world where the quality of living has been degraded significantly IoT can certainly play a constructive role in providing better services. In healthcare, there are several occasions such as patient health monitoring, remote observation and emergency proceedings outside the hospital where sensors can play essential roles. The coordinated sensor networks can provide even better services. IoT has the ability to provide all these coordinated services. Narrowband IoT (NBIoT) is an economical and simpler version of IoT which can handle these tasks effectively. Due to the widespread requirement of healthcare, NBIoT is a preferred solution as it needs fewer amounts of resources. In this article, we provide the main issues and difficulties of NBIoT in healthcare.",2019-04-01,,http://arxiv.org/abs/1904.07116v1,arxiv
12,Fostering new Vertical and Horizontal IoT Applications with Intelligence Everywhere,Hung Cao; Monica Wachowicz; Rene Richard; Ching-Hsien Hsu,,"Intelligence Everywhere is predicated on the seamless integration of IoT networks transporting a vast amount of data streams through many computing resources across an edge-to-cloud continuum, relying on the orchestration of distributed machine learning models. The result is an interconnected and collective intelligent ecosystem where devices, systems, services, and users work together to support IoT applications. This paper discusses the state-of-the-art research and the principles of the Intelligence Everywhere framework for enhancing IoT applications in vertical sectors such as Digital Health, Infrastructure, and Transportation/Mobility in the context of intelligent society (Society 5.0). It also introduces a novel perspective for the development of horizontal IoT applications, capable of running across various IoT networks while fostering collective intelligence across diverse sectors. Finally, this paper provides comprehensive insights into the challenges and opportunities for harnessing collective knowledge from real-time insights, leading to optimised processes and better overall collaboration across different IoT sectors.",2023-09-30,,http://arxiv.org/abs/2310.00346v1,arxiv
13,Standards-Based Worldwide Semantic Interoperability for IoT,Erno Kovacs; Martin Bauer; Jaeho Kim; Jaeseok Yun; Franck Le Gall; Mengxuan Zhao,"E. Kovacs, M. Bauer, J. Kim, J. Yun, F. Le Gall and M. Zhao, ""Standards-Based Worldwide Semantic Interoperability for IoT,"" in IEEE Communications Magazine, vol. 54, no. 12, pp. 40-46, December 2016","Global IoT services (GIoTS) are combining locally available IoT resources with Cloud-based services. They are targeting world-wide services. GIoTS require interoperability between the locally installed heterogeneous IoT systems. Semantic processing is an important technology to enable data mediation as well as knowledge-based processing. This paper explains a system architecture for achieving world-wide semantic interoperability using international standards like oneM2M and the OMA NGSI-9/10 context interfaces (as used in the European Future Internet Platform FIWARE). Semantics also enables the use of Knowledge-based Semantic Processing Agents. Furthermore, we explain how semantic verification enables the testing of such complex systems.",2018-08-01,10.1109/MCOM.2016.1600460CM,http://arxiv.org/abs/1808.00386v1,arxiv
14,Night-sky brightness monitoring in Hong Kong - a city-wide light pollution assessment,Chun Shing Jason Pun; Chu Wing So,Environmental Monitoring and Assessment 184 (2012) 2537-2557,"Results of the first comprehensive light pollution survey in Hong Kong are presented. The night-sky brightness was measured and monitored around the city using a portable light sensing device called the Sky Quality Meter over a 15-month period beginning in March 2008. A total of 1,957 data sets were taken at 199 distinct locations, including urban and rural sites covering all 18 Administrative Districts of Hong Kong. The survey shows that the environmental light pollution problem in Hong Kong is severe - the urban night-skies (sky brightness at 15.0 mag per arcsec square) are on average ~100 times brighter than at the darkest rural sites (20.1 mag per arcsec square), indicating that the high lighting densities in the densely populated residential and commercial areas lead to light pollution. In the worst polluted urban location studied, the night-sky at 13.2 mag per arcsec square can be over 500 times brighter than the darkest sites in Hong Kong. The observed night-sky brightness is found to be affected by human factors such as land utilization and population density of the observation sites, together with meteorological and/or environmental factors. Moreover, earlier night-skies (at 9:30pm local time) are generally brighter than later time (at 11:30pm), which can be attributed to some public and commercial lightings being turned off later at night. On the other hand, no concrete relationship between the observed sky brightness and air pollutant concentrations could be established with the limited survey sampling. Results from this survey will serve as an important database for the public to assess whether new rules and regulations are necessary to control the use of outdoor lightings in Hong Kong.",2011-06-20,10.1007/s10661-011-2136-1,http://arxiv.org/abs/1106.3842v1,arxiv
15,SHIELD: Securing Healthcare IoT with Efficient Machine Learning Techniques for Anomaly Detection,Mahek Desai; Apoorva Rumale; Marjan Asadinia,"2025 IEEE World AI IoT Congress (AIIoT), Seattle, WA, USA, 2025, pp. 0521-0528","The integration of IoT devices in healthcare introduces significant security and reliability challenges, increasing susceptibility to cyber threats and operational anomalies. This study proposes a machine learning-driven framework for (1) detecting malicious cyberattacks and (2) identifying faulty device anomalies, leveraging a dataset of 200,000 records. Eight machine learning models are evaluated across three learning approaches: supervised learning (XGBoost, K-Nearest Neighbors (K- NN)), semi-supervised learning (Generative Adversarial Networks (GAN), Variational Autoencoders (VAE)), and unsupervised learning (One-Class Support Vector Machine (SVM), Isolation Forest, Graph Neural Networks (GNN), and Long Short-Term Memory (LSTM) Autoencoders). The comprehensive evaluation was conducted across multiple metrics like F1-score, precision, recall, accuracy, ROC-AUC, computational efficiency. XGBoost achieved 99\% accuracy with minimal computational overhead (0.04s) for anomaly detection, while Isolation Forest balanced precision and recall effectively. LSTM Autoencoders underperformed with lower accuracy and higher latency. For attack detection, KNN achieved near-perfect precision, recall, and F1-score with the lowest computational cost (0.05s), followed by VAE at 97% accuracy. GAN showed the highest computational cost with lowest accuracy and ROC-AUC. These findings enhance IoT-enabled healthcare security through effective anomaly detection strategies. By improving early detection of cyber threats and device failures, this framework has the potential to prevent data breaches, minimize system downtime, and ensure the continuous and safe operation of medical devices, ultimately safeguarding patient health and trust in IoT-driven healthcare solutions.",2025-11-05,10.1109/AIIoT65859.2025.11105287,http://arxiv.org/abs/2511.03661v1,arxiv
16,Attributes' Importance for Zero-Shot Pose-Classification Based on Wearable Sensors,Hiroki Ohashi; Mohammad Al-Naser; Sheraz Ahmed; Katsuyuki Nakamura; Takuto Sato; Andreas Dengel,"Sensors 2018, 18, 2485","This paper presents a simple yet effective method for improving the performance of zero-shot learning (ZSL). ZSL classifies instances of unseen classes, from which no training data is available, by utilizing the attributes of the classes. Conventional ZSL methods have equally dealt with all the available attributes, but this sometimes causes misclassification. This is because an attribute that is effective for classifying instances of one class is not always effective for another class. In this case, a metric of classifying the latter class can be undesirably influenced by the irrelevant attribute. This paper solves this problem by taking the importance of each attribute for each class into account when calculating the metric. In addition to the proposal of this new method, this paper also contributes by providing a dataset for pose classification based on wearable sensors, named HDPoseDS. It contains 22 classes of poses performed by 10 subjects with 31 IMU sensors across full body. To the best of our knowledge, it is the richest wearable-sensor dataset especially in terms of sensor density, and thus it is suitable for studying zero-shot pose/action recognition. The presented method was evaluated on HDPoseDS and outperformed relative improvement of 5.9% in comparison to the best baseline method.",2018-08-02,10.3390/s18082485,http://arxiv.org/abs/1808.01358v1,arxiv
17,Human Stress Assessment: A Comprehensive Review of Methods Using Wearable Sensors and Non-wearable Techniques,Aamir Arsalan; Muhammad Majid; Imran Fareed Nizami; Waleed Manzoor; Syed Muhammad Anwar; Jihyoung Ryu,,"This paper presents a comprehensive review of methods covering significant subjective and objective human stress detection techniques available in the literature. The methods for measuring human stress responses could include subjective questionnaires (developed by psychologists) and objective markers observed using data from wearable and non-wearable sensors. In particular, wearable sensor-based methods commonly use data from electroencephalography, electrocardiogram, galvanic skin response, electromyography, electrodermal activity, heart rate, heart rate variability, and photoplethysmography both individually and in multimodal fusion strategies. Whereas, methods based on non-wearable sensors include strategies such as analyzing pupil dilation and speech, smartphone data, eye movement, body posture, and thermal imaging. Whenever a stressful situation is encountered by an individual, physiological, physical, or behavioral change is induced which help in coping with the challenge at hand. A wide range of studies has attempted to establish a relationship between these stressful situations and the response of human beings by using different kinds of psychological, physiological, physical, and behavioral measures. Inspired by the lack of availability of a definitive verdict about the relationship of human stress with these different kinds of markers, a detailed survey about human stress detection methods is conducted in this paper. In particular, we explore how stress detection methods can benefit from artificial intelligence utilizing relevant data from various sources. This review will prove to be a reference document that would provide guidelines for future research enabling effective detection of human stress conditions.",2022-02-07,,http://arxiv.org/abs/2202.03033v2,arxiv
18,The Patchkeeper: An Integrated Wearable Electronic Stethoscope with Multiple Sensors,Hongwei Li; Zoran Radivojevic; Maja Hedlund; Anton Fahlgren; Michael S. Eggleston,,"Many parts of human body generate internal sound during biological processes, which are rich sources of information for understanding health and wellbeing. Despite a long history of development and usage of stethoscopes, there is still a lack of proper tools for recording internal body sound together with complementary sensors for long term monitoring. In this paper, we show our development of a wearable electronic stethoscope, coined Patchkeeper (PK), that can be used for internal body sound recording over long periods of time. Patchkeeper also integrates several state-of-the-art biological sensors, including electrocardiogram (ECG), photoplethysmography (PPG), and inertial measurement unit (IMU) sensors. As a wearable device, Patchkeeper can be placed on various parts of the body to collect sound from particular organs, including heart, lung, stomach, and joints etc. We show in this paper that several vital signals can be recorded simultaneously with high quality. As Patchkeeper can be operated directly by the user, e.g. without involving health care professionals, we believe it could be a useful tool for telemedicine and remote diagnostics.",2024-07-16,,http://arxiv.org/abs/2407.11837v3,arxiv
19,A Novel Multi-Stage Training Approach for Human Activity Recognition from Multimodal Wearable Sensor Data Using Deep Neural Network,Tanvir Mahmud; A. Q. M. Sazzad Sayyed; Shaikh Anowarul Fattah; Sun-Yuan Kung,"IEEE Sensors Journal, Volume: 21, Issue:2, Page(s): 1715 - 1726, January 2021","Deep neural network is an effective choice to automatically recognize human actions utilizing data from various wearable sensors. These networks automate the process of feature extraction relying completely on data. However, various noises in time series data with complex inter-modal relationships among sensors make this process more complicated. In this paper, we have proposed a novel multi-stage training approach that increases diversity in this feature extraction process to make accurate recognition of actions by combining varieties of features extracted from diverse perspectives. Initially, instead of using single type of transformation, numerous transformations are employed on time series data to obtain variegated representations of the features encoded in raw data. An efficient deep CNN architecture is proposed that can be individually trained to extract features from different transformed spaces. Later, these CNN feature extractors are merged into an optimal architecture finely tuned for optimizing diversified extracted features through a combined training stage or multiple sequential training stages. This approach offers the opportunity to explore the encoded features in raw sensor data utilizing multifarious observation windows with immense scope for efficient selection of features for final convergence. Extensive experimentations have been carried out in three publicly available datasets that provide outstanding performance consistently with average five-fold cross-validation accuracy of 99.29% on UCI HAR database, 99.02% on USC HAR database, and 97.21% on SKODA database outperforming other state-of-the-art approaches.",2021-01-03,10.1109/JSEN.2020.3015781,http://arxiv.org/abs/2101.00702v1,arxiv
20,Sensor Insoles: A Review,Bastian Latsch; Felix Herbst; Mark Suppelt; Julian Seiler; Stephan Schaumann; Sven Suppelt; Alexander A. Altmann; Martin Grimmer; and Mario Kupnik,"IEEE Sensors Journal, vol. 26, no. 3, pp. 3577-3596, Dec. 2025","Plantar pressure measurement, or pedobarography, is an essential tool for analyzing human motion in healthy individuals and patients. Across the reviewed literature, sensor insoles are motivated as wearable, mobile solutions for assessing pressure distribution in applications including diabetic foot monitoring, rehabilitation guidance, assistive device control, and sports performance analysis. This review evaluates the current state of the art with particular attention to sensor technologies, sensor quantity and placement, participant cohorts, and reference standards. The focus lies on original works with innovative designs, preferably supported by ambulation experiments. The modalities covered include resistive, capacitive, inductive, piezoelectric, triboelectric, and optical sensing approaches. We identify a lack of proper sensor calibration, gait-based verification, and human study validation, and propose a gold standard based on testing machines and instrumented treadmills to ensure comparability across studies. The bidirectional interaction between insole insertion and foot-sole mechanics is examined, with tissue stiffness identified as a key source of uncertainty in sensor signals. Guidelines are provided for sensor dimensions and unobtrusive insole designs to foster natural gait. Finally, future directions include the development of multimodal sensors to compensate for the limitations of individual modalities and the emerging trend of multiaxial sensing for capturing shear components in pressure distributions.",2025-08-29,10.1109/JSEN.2025.3638124,http://arxiv.org/abs/2509.00260v2,arxiv
21,Generating Synthetic Health Sensor Data for Privacy-Preserving Wearable Stress Detection,Lucas Lange; Nils Wenzlitschke; Erhard Rahm,"Sensors 2024, 24(10), 3052","Smartwatch health sensor data are increasingly utilized in smart health applications and patient monitoring, including stress detection. However, such medical data often comprise sensitive personal information and are resource-intensive to acquire for research purposes. In response to this challenge, we introduce the privacy-aware synthetization of multi-sensor smartwatch health readings related to moments of stress, employing Generative Adversarial Networks (GANs) and Differential Privacy (DP) safeguards. Our method not only protects patient information but also enhances data availability for research. To ensure its usefulness, we test synthetic data from multiple GANs and employ different data enhancement strategies on an actual stress detection task. Our GAN-based augmentation methods demonstrate significant improvements in model performance, with private DP training scenarios observing an 11.90-15.48% increase in F1-score, while non-private training scenarios still see a 0.45% boost. These results underline the potential of differentially private synthetic data in optimizing utility-privacy trade-offs, especially with the limited availability of real training samples. Through rigorous quality assessments, we confirm the integrity and plausibility of our synthetic data, which, however, are significantly impacted when increasing privacy requirements.",2024-01-24,10.3390/s24103052,http://arxiv.org/abs/2401.13327v2,arxiv
22,WEARDA: Recording Wearable Sensor Data for Human Activity Monitoring,Richard M. K. van Dijk; Daniela Gawehns; Matthijs van Leeuwen,"van Dijk RMK, Gawehns D, van Leeuwen M 2023 WEARDA: Recording Wearable Sensor Data for Human Activity Monitoring. Journal of Open Research Software, 11:13","We present WEARDA, the open source WEARable sensor Data Acquisition software package. WEARDA facilitates the acquisition of human activity data with smartwatches and is primarily aimed at researchers who require transparency, full control, and access to raw sensor data. It provides functionality to simultaneously record raw data from four sensors -- tri-axis accelerometer, tri-axis gyroscope, barometer, and GPS -- which should enable researchers to, for example, estimate energy expenditure and mine movement trajectories. A Samsung smartwatch running the Tizen OS was chosen because of 1) the required functionalities of the smartwatch software API, 2) the availability of software development tools and accessible documentation, 3) having the required sensors, and 4) the requirements on case design for acceptance by the target user group. WEARDA addresses five practical challenges concerning preparation, measurement, logistics, privacy preservation, and reproducibility to ensure efficient and errorless data collection. The software package was initially created for the project ""Dementia back at the heart of the community"", and has been successfully used in that context.",2023-02-28,10.5334/jors.454,http://arxiv.org/abs/2303.00064v2,arxiv
23,Sampling Trade-Offs in Duty-Cycled Systems for Air Quality Low-Cost Sensors,Pau Ferrer-Cid; Julio Garcia-Calvete; Aina Main-Nadal; Zhe Ye; Jose M. Barcelo-Ordinas; Jorge Garcia-Vidal,"Sensors 2022, 22, 3964","The use of low-cost sensors in conjunction with high-precision instrumentation for air pollution monitoring has shown promising results in recent years. One of the main challenges for these sensors has been the quality of their data, which is why the main efforts have focused on calibrating the sensors using machine learning techniques to improve the data quality. However, there is one aspect that has been overlooked, that is, these sensors are mounted on nodes that may have energy consumption restrictions if they are battery-powered. In this paper, we show the usual sensor data gathering process and we study the existing trade-offs between the sampling of such sensors, the quality of the sensor calibration, and the power consumption involved. To this end, we conduct experiments on prototype nodes measuring tropospheric ozone, nitrogen dioxide, and nitrogen monoxide at high frequency. The results show that the sensor sampling strategy directly affects the quality of the air pollution estimation and that each type of sensor may require different sampling strategies. In addition, duty cycles of 0.1 can be achieved when the sensors have response times in the order of two minutes, and duty cycles between 0.01 and 0.02 can be achieved when the sensor response times are negligible, calibrating with hourly reference values and maintaining a quality of calibrated data similar to when the node is connected to an uninterruptible power supply.",2021-12-14,10.3390/s22103964,http://arxiv.org/abs/2112.09072v2,arxiv
24,Environmental Variation or Instrumental Drift? A Probabilistic Approach to Gas Sensor Drift Modeling and Evaluation,Cheng Yang; Gustav Bohlin; Tobias Oechtering,"2024 IEEE SENSORS, Kobe, Japan, 2024, pp. 1-4,","Drift is a significant issue that undermines the reliability of gas sensors. This paper introduces a probabilistic model to distinguish between environmental variation and instrumental drift, using low-cost non-dispersive infrared (NDIR) CO2 sensors as a case study. Data from a long-term field experiment is analyzed to evaluate both sensor performance and environmental changes over time. Our approach employs importance sampling to isolate instrumental drift from environmental variation, providing a more accurate assessment of sensor performance. The results show that failing to account for environmental variation can significantly affect the evaluation of sensor drift, leading to improper calibration processes.",2024-06-25,10.1109/SENSORS60989.2024.10784897,http://arxiv.org/abs/2406.17488v2,arxiv
25,An 860 MHz Wireless Surface Acoustic Wave Sensor with a Metal-Organic Framework Sensing Layer for CO2 and CH4,Jagannath Devkota; David W. Greve; Tao Hong; Ki-Joong Kim; Paul R. Ohodnicki,"IEEE Sensors Journal, 2020","Wireless and passive surface acoustic wave (SAW) devices with nanoporous metal-organic framework (MOF) sensing layers are attractive gas sensors for applications in many fields such as energy industries and air pollution control. Here, we report on enhancing the sensitivity and detection limit of zeolitic imidazolate framework-8 (ZIF-8) MOF-coated SAW reflective delay line mass sensors by increasing the operating frequency for sensitive detection of carbon dioxide (CO2) and methane (CH4) at ambient conditions. In particular, we show at least four times higher sensitivity of an 860 MHz (4-μm periodicity) SAW reflective delay line coated with a 240 nm thick ZIF-8 compared to the sensitivity of a 430 MHz (8-μm periodicity) otherwise identical sensor device to the targeted gases. The detection limits of the higher frequency wireless devices for CO2 and CH4 were estimated to be 0.91 vol-% and 7.01 vol-%, respectively. The enhanced sensitivity for higher frequency devices is explained in terms of the frequency dependent acoustic wave energy confinement.",2019-12-09,10.1109/JSEN.2020.2990997,http://arxiv.org/abs/2002.00705v2,arxiv
26,Digital Twin sensors in cultural heritage applications,Franco Niccolucci; Achille Felicetti,"Sensors 2024, 24, 3978","The paper concerns the extension of the Heritage Digital Twin Ontology introduced in previous work to describe the reactivity of digital twins used for cultural heritage documentation by including the semantic description of sensors and activators and all the process of interacting with the real world. After analysing previous work on the use of digital twins in cultural heritage, a summary description of the Heritage Digital Twin Ontology is provided, and the existing applications of digital twins to cultural heritage are overviewed, with references to reviews summarizing the large production of scientific contributions on the topic. Then a novel ontology, named Reactive Digital Twin Ontology is described, in which sensors, activators and the decision processes are also semantically described, turning the previous synchronic approach to cultural heritage documentation into a diachronic one. Some case studies exemplify this theory.",2024-07-08,10.3390/s24123978,http://arxiv.org/abs/2407.07750v1,arxiv
27,The life of a New York City noise sensor network,Charlie Mydlarz; Mohit Sharma; Yitzchak Lockerman; Ben Steers; Claudio Silva; Juan Pablo Bello,"Sensors 2019, 19, 1415","Noise pollution is one of the topmost quality of life issues for urban residents in the United States. Continued exposure to high levels of noise has proven effects on health, including acute effects such as sleep disruption, and long-term effects such as hypertension, heart disease, and hearing loss. To investigate and ultimately aid in the mitigation of urban noise, a network of 55 sensor nodes has been deployed across New York City for over two years, collecting sound pressure level (SPL) and audio data. This network has cumulatively amassed over 75 years of calibrated, high-resolution SPL measurements and 35 years of audio data. In addition, high frequency telemetry data has been collected that provides an indication of a sensors' health. This telemetry data was analyzed over an 18 month period across 31 of the sensors. It has been used to develop a prototype model for pre-failure detection which has the ability to identify sensors in a prefail state 69.1% of the time. The entire network infrastructure is outlined, including the operation of the sensors, followed by an analysis of its data yield and the development of the fault detection approach and the future system integration plans for this.",2019-03-07,10.3390/s19061415,http://arxiv.org/abs/1903.03195v2,arxiv
28,A Wearable IoT Aldehyde Sensor for Pediatric Asthma Research and Management,Baichen Li; Quan Dong; R. Scott Downen; Nam Tran; J. Hunter Jackson; Dinesh Pillai; Mona Zaghloul; Zhenyu Li,,"Mechanistic studies of pediatric asthma require objective measures of environmental exposure metrics correlated with physiological responses. Here we report a cloud-based wearable IoT sensor system which can measure an asthma patient's exposure to aldehydes, a known class of airway irritants, in real-life settings. The wrist-watch form sensor measures formaldehyde levels in air using fuel cell technology, and continuously operate over 7 days without recharging. Sensor data can be retrieved via Bluetooth Low Energy (BLE) communication. A smartphone app was developed as a gateway to transmit data to an informatics system deployed on Amazon Web Services (AWS) for data storage, management and analytics. Potential applications of this IoT sensor system include epidemiological studies of asthma development and exacerbation, personalized asthma management and environmental monitoring.",2018-11-18,,http://arxiv.org/abs/1811.07287v1,arxiv
29,An Authentication Protocol for Future Sensor Networks,Muhammad Bilal; Shin-Gak Kang,"Sensors 2017, 17(5), 979","Authentication is one of the essential security services in Wireless Sensor Networks (WSNs) for ensuring secure data sessions. Sensor node authentication ensures the confidentiality and validity of data collected by the sensor node, whereas user authentication guarantees that only legitimate users can access the sensor data. In a mobile WSN, sensor and user nodes move across the network and exchange data with multiple nodes, thus experiencing the authentication process multiple times. The integration of WSNs with Internet of Things (IoT) brings forth a new kind of WSN architecture along with stricter security requirements; for instance, a sensor node or a user node may need to establish multiple concurrent secure data sessions. With concurrent data sessions, the frequency of the re-authentication process increases in proportion to the number of concurrent connections, which makes the security issue even more challenging. The currently available authentication protocols were designed for the autonomous WSN and do not account for the above requirements. In this paper, we present a novel, lightweight and efficient key exchange and authentication protocol suite called the Secure Mobile Sensor Network (SMSN) Authentication Protocol. In the SMSN a mobile node goes through an initial authentication procedure and receives a re-authentication ticket from the base station. Later a mobile node can use this re-authentication ticket when establishing multiple data exchange sessions and/or when moving across the network. This scheme reduces the communication and computational complexity of the authentication process. We proved the strength of our protocol with rigorous security analysis and simulated the SMSN and previously proposed schemes in an automated protocol verifier tool. Finally, we compared the computational complexity and communication cost against well-known authentication protocols.",2017-05-02,10.3390/s17050979,http://arxiv.org/abs/1705.00764v1,arxiv
30,AEGIS: A Semantic GAN and Evidential Learning Frameworkfor Robust Adversarial Detection in Vision Sensors,Maher Boughdiri; Mounira Msahli; Albert Bifet,"Sensors, Volume 26 (2026)","Deep neural networks (DNNs) have shown outstanding performance in visual recognition tasks within vision sensor networks; however, they are still vulnerable to adversarial manipulations and imperceptible perturbations that can lead to erroneous predictions. To address that, this paper presents AEGIS, a semantic aware and uncertainty guided adversarial detection framework designed for robust image classification in vision sensors pipelines. At its core, a SemantiGAN module functions as a multi class semantic discriminator, identifying and filtering visually inconsistent adversarial inputs before they propagate further in the pipeline. For inputs that pass this stage, a stochastic augmentation process generates test time variations, from which handcrafted instability metrics FlipScore, Prediction Inconsistency, Layerwise Cosine Similarity (early and mid layers), and Entropy are computed. These features are aggregated into a compact five dimensional vector and processed by an Evidential Deep Learning (EDL) classifier, which models output evidence using a Dirichlet distribution to yield both class predictions and calibrated uncertainty estimates. Evaluations on the Tiny ImageNet dataset across six categories clean, FGSM, PGD, patch based, functional, and geometric attacks demonstrate the effectiveness of AEGIS. The proposed framework achieves an AUROC of 92.1\%, an AUPRC of 90.2\%, and an accuracy of 90.7\%, outperforming conventional softmax-based detectors in terms of detection performance, robustness, interpretability, and uncertainty calibration.",2026-06-25,10.3390/s26154729,http://arxiv.org/abs/2606.28416v1,arxiv
31,Advancing Remote and Continuous Cardiovascular Patient Monitoring through a Novel and Resource-efficient IoT-Driven Framework,Sanam Nayab; Sohail Raza Chohan; Aqsa Jameel; Syed Rehan Shah; Syed Ahsan Masud Zaidi; Aditya Nath Jha; Kamran Siddique,,"Cardiovascular diseases are a leading cause of fatalities worldwide, often occurring suddenly with limited time for intervention. Current healthcare monitoring systems for cardiac patients rely heavily on hospitalization, which can be impractical for continuous monitoring. This paper presents a novel IoT-based solution for remote, real-time tracking of critical cardiac metrics, addressing the pressing need for accessible and continuous healthcare, particularly for the aging population in Pakistan. The proposed IoT kit measures essential parameters such as body temperature, heart rate (HR), blood pressure (BP), oxygen saturation (SPO2), and electrocardiography (ECG).   A key innovation of the system is its integration with a cloud-based application, enabling constant remote monitoring and incorporating an alarm mechanism to alert medical professionals for timely intervention, reducing the risk of catastrophic incidents. The system was tested in a clinical environment with 20 participants, demonstrating results closely aligned with those obtained using standard medical devices. The findings validate the system's potential for reliable remote monitoring, offering a significant step forward in proactive cardiac healthcare management. This novel approach combines IoT technology with cloud-based applications to provide a cost-effective and efficient solution for reducing unexpected fatalities among cardiac patients.",2025-05-06,,http://arxiv.org/abs/2505.03409v1,arxiv
32,Improving Remote Patient Monitoring Systems Using a Fog-based IoT Platform with Speech Recognition,Marc Jayson Baucas; Petros Spachos,"IEEE Sensors Journal, vol. 23, no. 15, pp. 17611-17618, 1 Aug.1, 2023","Due to the recent shortage of resources in the healthcare industry, Remote Patient Monitoring (RPM) systems arose to establish a convenient alternative for accessing healthcare services remotely. However, as the usage of this system grows with the increase of patients and sensing devices, data and network management becomes an issue. As a result, wireless architecture challenges in patient privacy, data flow, and service interactability surface that need addressing. We propose a fog-based Internet of Things (IoT) platform to address these issues and reinforce the existing RPM system. The introduced platform can allocate resources to alleviate server overloading and provide an interactive means of monitoring patients through speech recognition. We designed a testbed to simulate and test the platform in terms of accuracy, latency, and throughput. The results show the platform's potential as a viable RPM system for sound-based healthcare services.",2025-11-10,10.1109/JSEN.2023.3287916,http://arxiv.org/abs/2511.07189v1,arxiv
33,A Lightweight Blockchain and Fog-enabled Secure Remote Patient Monitoring System,Omar Cheikhrouhou; Khaleel Mershad; Faisal Jamil; Redowan Mahmud; Anis Koubaa; Sanaz Rahimi Moosavi,,"IoT has enabled the rapid growth of smart remote healthcare applications. These IoT-based remote healthcare applications deliver fast and preventive medical services to patients at risk or with chronic diseases. However, ensuring data security and patient privacy while exchanging sensitive medical data among medical IoT devices is still a significant concern in remote healthcare applications. Altered or corrupted medical data may cause wrong treatment and create grave health issues for patients. Moreover, current remote medical applications' efficiency and response time need to be addressed and improved. Considering the need for secure and efficient patient care, this paper proposes a lightweight Blockchain-based and Fog-enabled remote patient monitoring system that provides a high level of security and efficient response time. Simulation results and security analysis show that the proposed lightweight blockchain architecture fits the resource-constrained IoT devices well and is secure against attacks. Moreover, the augmentation of Fog computing improved the responsiveness of the remote patient monitoring system by 40%.",2023-01-09,10.1016/j.iot.2023.100691,http://arxiv.org/abs/2301.03551v1,arxiv
34,AI in Remote Patient Monitoring,Nishargo Nigar,,"The rapid evolution of Artificial Intelligence (AI) has significantly transformed healthcare, particularly in the domain of Remote Patient Monitoring (RPM). This chapter explores the integration of AI in RPM, highlighting real-life applications, system architectures, and the benefits it brings to patient care and healthcare systems. Through a comprehensive analysis of current technologies, methodologies, and case studies, I present a detailed overview of how AI enhances monitoring accuracy, predictive analytics, and personalized treatment plans. The chapter also discusses the challenges and future directions in this field, providing a comprehensive view of AI's role in revolutionizing remote patient care.",2024-07-04,,http://arxiv.org/abs/2407.17494v1,arxiv
35,Change-Agent: Towards Interactive Comprehensive Remote Sensing Change Interpretation and Analysis,Chenyang Liu; Keyan Chen; Haotian Zhang; Zipeng Qi; Zhengxia Zou; Zhenwei Shi,IEEE Transactions on Geoscience and Remote Sensing 2024,"Monitoring changes in the Earth's surface is crucial for understanding natural processes and human impacts, necessitating precise and comprehensive interpretation methodologies. Remote sensing satellite imagery offers a unique perspective for monitoring these changes, leading to the emergence of remote sensing image change interpretation (RSICI) as a significant research focus. Current RSICI technology encompasses change detection and change captioning, each with its limitations in providing comprehensive interpretation. To address this, we propose an interactive Change-Agent, which can follow user instructions to achieve comprehensive change interpretation and insightful analysis, such as change detection and change captioning, change object counting, change cause analysis, etc. The Change-Agent integrates a multi-level change interpretation (MCI) model as the eyes and a large language model (LLM) as the brain. The MCI model contains two branches of pixel-level change detection and semantic-level change captioning, in which the BI-temporal Iterative Interaction (BI3) layer is proposed to enhance the model's discriminative feature representation capabilities. To support the training of the MCI model, we build the LEVIR-MCI dataset with a large number of change masks and captions of changes. Experiments demonstrate the SOTA performance of the MCI model in achieving both change detection and change description simultaneously, and highlight the promising application value of our Change-Agent in facilitating comprehensive interpretation of surface changes, which opens up a new avenue for intelligent remote sensing applications. To facilitate future research, we will make our dataset and codebase of the MCI model and Change-Agent publicly available at https://github.com/Chen-Yang-Liu/Change-Agent",2024-03-28,10.1109/TGRS.2024.3425815,http://arxiv.org/abs/2403.19646v3,arxiv
36,Remote Sensing SpatioTemporal Vision-Language Models: A Comprehensive Survey,Chenyang Liu; Jiafan Zhang; Keyan Chen; Man Wang; Zhengxia Zou; Zhenwei Shi,"IEEE Geoscience and Remote Sensing Magazine, 2025","The interpretation of multi-temporal remote sensing imagery is critical for monitoring Earth's dynamic processes-yet previous change detection methods, which produce binary or semantic masks, fall short of providing human-readable insights into changes. Recent advances in Vision-Language Models (VLMs) have opened a new frontier by fusing visual and linguistic modalities, enabling spatio-temporal vision-language understanding: models that not only capture spatial and temporal dependencies to recognize changes but also provide a richer interactive semantic analysis of temporal images (e.g., generate descriptive captions and answer natural-language queries). In this survey, we present the first comprehensive review of RS-STVLMs. The survey covers the evolution of models from early task-specific models to recent general foundation models that leverage powerful large language models. We discuss progress in representative tasks, such as change captioning, change question answering, and change grounding. Moreover, we systematically dissect the fundamental components and key technologies underlying these models, and review the datasets and evaluation metrics that have driven the field. By synthesizing task-level insights with a deep dive into shared architectural patterns, we aim to illuminate current achievements and chart promising directions for future research in spatio-temporal vision-language understanding for remote sensing. We will keep tracing related works at https://github.com/Chen-Yang-Liu/Awesome-RS-SpatioTemporal-VLMs",2024-12-03,10.1109/MGRS.2025.3598283,http://arxiv.org/abs/2412.02573v3,arxiv
37,Aggregated Deep Local Features for Remote Sensing Image Retrieval,Raffaele Imbriaco; Clint Sebastian; Egor Bondarev; Peter H. N. de With,"Remote Sensing, 2019","Remote Sensing Image Retrieval remains a challenging topic due to the special nature of Remote Sensing Imagery. Such images contain various different semantic objects, which clearly complicates the retrieval task. In this paper, we present an image retrieval pipeline that uses attentive, local convolutional features and aggregates them using the Vector of Locally Aggregated Descriptors (VLAD) to produce a global descriptor. We study various system parameters such as the multiplicative and additive attention mechanisms and descriptor dimensionality. We propose a query expansion method that requires no external inputs. Experiments demonstrate that even without training, the local convolutional features and global representation outperform other systems. After system tuning, we can achieve state-of-the-art or competitive results. Furthermore, we observe that our query expansion method increases overall system performance by about 3%, using only the top-three retrieved images. Finally, we show how dimensionality reduction produces compact descriptors with increased retrieval performance and fast retrieval computation times, e.g. 50% faster than the current systems.",2019-03-22,10.3390/rs11050493,http://arxiv.org/abs/1903.09469v1,arxiv
38,"Vision-Language Modeling Meets Remote Sensing: Models, Datasets and Perspectives",Xingxing Weng; Chao Pang; Gui-Song Xia,"IEEE Geoscience and Remote Sensing Magazine, Early Access, 2025","Vision-language modeling (VLM) aims to bridge the information gap between images and natural language. Under the new paradigm of first pre-training on massive image-text pairs and then fine-tuning on task-specific data, VLM in the remote sensing domain has made significant progress. The resulting models benefit from the absorption of extensive general knowledge and demonstrate strong performance across a variety of remote sensing data analysis tasks. Moreover, they are capable of interacting with users in a conversational manner. In this paper, we aim to provide the remote sensing community with a timely and comprehensive review of the developments in VLM using the two-stage paradigm. Specifically, we first cover a taxonomy of VLM in remote sensing: contrastive learning, visual instruction tuning, and text-conditioned image generation. For each category, we detail the commonly used network architecture and pre-training objectives. Second, we conduct a thorough review of existing works, examining foundation models and task-specific adaptation methods in contrastive-based VLM, architectural upgrades, training strategies and model capabilities in instruction-based VLM, as well as generative foundation models with their representative downstream applications. Third, we summarize datasets used for VLM pre-training, fine-tuning, and evaluation, with an analysis of their construction methodologies (including image sources and caption generation) and key properties, such as scale and task adaptability. Finally, we conclude this survey with insights and discussions on future research directions: cross-modal representation alignment, vague requirement comprehension, explanation-driven model reliability, continually scalable model capabilities, and large-scale datasets featuring richer modalities and greater challenges.",2025-05-20,10.1109/MGRS.2025.3572702,http://arxiv.org/abs/2505.14361v1,arxiv
39,TimeSenCLIP: A Time Series Vision-Language Model for Remote Sensing,Pallavi Jain; Diego Marcos; Dino Ienco; Roberto Interdonato; Tristan Berchoux,"ISPRS Journal of Photogrammetry and Remote Sensing Volume 236, June 2026, Pages 99-119","Vision-language models (VLMs) have shown significant promise in remote sensing applications, particularly for land-use and land-cover (LULC) mapping via zero-shot classification and retrieval. However, current approaches face several key challenges, such as the dependence on caption-based supervision, which is often not available or very limited in terms of the covered semantics, and the fact of being adapted from generic VLM architectures that are suitable for very high resolution images. Consequently, these models tend to prioritize spatial context over spectral and temporal information, limiting their effectiveness for medium-resolution remote sensing imagery. In this work, we present TimeSenCLIP, a lightweight VLM for remote sensing time series, using a cross-view temporal contrastive framework to align multispectral Sentinel-2 time series with geo-tagged ground-level imagery, without requiring textual annotations. Unlike prior VLMs, TimeSenCLIP emphasizes temporal and spectral signals over spatial context, investigating whether single-pixel time series contain sufficient information for solving a variety of tasks.",2025-08-16,10.1016/j.isprsjprs.2026.03.043,http://arxiv.org/abs/2508.11919v3,arxiv
40,Tiered Service Architecture for Remote Patient Monitoring,Siddharth Chandak; Isha Thapa; Nicholas Bambos; David Scheinker,,"We develop a remote patient monitoring (RPM) service architecture, which has two tiers of monitoring: ordinary and intensive. The patient's health state improves or worsens in each time period according to certain probabilities, which depend on the monitoring tier. The patient incurs a ""loss of quality of life"" cost or an ""invasiveness"" cost, which is higher under intensive monitoring than under ordinary. On the other hand, their health improves faster under intensive monitoring than under ordinary. In each period, the service decides which monitoring tier to use, based on the health of the patient. We investigate the optimal policy for making that choice by formulating the problem using dynamic programming. We first provide analytic conditions for selecting ordinary vs intensive monitoring in the asymptotic regime where the number of health states is large. In the general case, we investigate the optimal policy numerically. We observe a threshold behavior, that is, when the patient's health drops below a certain threshold the service switches them to intensive monitoring, while ordinary monitoring is used during adequately good health states of the patient. The modeling and analysis provides a general framework for managing RPM services for various health conditions with medically/clinically defined system parameters.",2024-06-26,,http://arxiv.org/abs/2406.18000v2,arxiv
41,A Progressive Image Restoration Network for High-order Degradation Imaging in Remote Sensing,Yujie Feng; Yin Yang; Xiaohong Fan; Zhengpeng Zhang; Lijing Bu; Jianping Zhang,"Transactions on Geoscience and Remote Sensing,2025","Recently, deep learning methods have gained remarkable achievements in the field of image restoration for remote sensing (RS). However, most existing RS image restoration methods focus mainly on conventional first-order degradation models, which may not effectively capture the imaging mechanisms of remote sensing images. Furthermore, many RS image restoration approaches that use deep learning are often criticized for their lacks of architecture transparency and model interpretability. To address these problems, we propose a novel progressive restoration network for high-order degradation imaging (HDI-PRNet), to progressively restore different image degradation. HDI-PRNet is developed based on the theoretical framework of degradation imaging, also Markov properties of the high-order degradation process and Maximum a posteriori (MAP) estimation, offering the benefit of mathematical interpretability within the unfolding network. The framework is composed of three main components: a module for image denoising that relies on proximal mapping prior learning, a module for image deblurring that integrates Neumann series expansion with dual-domain degradation learning, and a module for super-resolution. Extensive experiments demonstrate that our method achieves superior performance on both synthetic and real remote sensing images.",2024-12-10,10.1109/TGRS.2025.3590753,http://arxiv.org/abs/2412.07195v2,arxiv
42,Beyond Volume: The Impact of Complex Healthcare Data on the Machine Learning Pipeline,Keith Feldman; Louis Faust; Xian Wu; Chao Huang; Nitesh V. Chawla,"Towards Integrative Machine Learning and Knowledge Extraction, LNCS vol 10344 (2017) 150-169","From medical charts to national census, healthcare has traditionally operated under a paper-based paradigm. However, the past decade has marked a long and arduous transformation bringing healthcare into the digital age. Ranging from electronic health records, to digitized imaging and laboratory reports, to public health datasets, today, healthcare now generates an incredible amount of digital information. Such a wealth of data presents an exciting opportunity for integrated machine learning solutions to address problems across multiple facets of healthcare practice and administration. Unfortunately, the ability to derive accurate and informative insights requires more than the ability to execute machine learning models. Rather, a deeper understanding of the data on which the models are run is imperative for their success. While a significant effort has been undertaken to develop models able to process the volume of data obtained during the analysis of millions of digitalized patient records, it is important to remember that volume represents only one aspect of the data. In fact, drawing on data from an increasingly diverse set of sources, healthcare data presents an incredibly complex set of attributes that must be accounted for throughout the machine learning pipeline. This chapter focuses on highlighting such challenges, and is broken down into three distinct components, each representing a phase of the pipeline. We begin with attributes of the data accounted for during preprocessing, then move to considerations during model building, and end with challenges to the interpretation of model output. For each component, we present a discussion around data as it relates to the healthcare domain and offer insight into the challenges each may impose on the efficiency of machine learning techniques.",2017-06-01,10.1007/978-3-319-69775-8_9,http://arxiv.org/abs/1706.01513v2,arxiv
43,Energy Cyber Attacks to Smart Healthcare Devices: A Testbed,Zainab Alwaisi; Simone Soderi; Rocco De Nicola,"Bio-inspired Information and Communications Technologies, 2023","The Internet of Things (IoT) has garnered significant interest in both research and industry due to its profound impact on human life. The rapid expansion of IoT technology has ushered in smart healthcare, smart devices, smart cities, and smart grids. However, the security of IoT devices, particularly in healthcare, has become a major concern, with recent attacks revealing serious vulnerabilities. In IoT networks, where connected devices are susceptible to resource-constraint attacks, such as energy consumption attacks, security is paramount.   This paper explores the impact of Distributed Denial of Service (DDoS) and Fake Access Points (F-APs) attacks on WiFi-enabled smart healthcare devices. Specifically, it investigates how these attacks can disrupt service on victim devices and Access Points (APs), focusing on device connectivity and energy consumption during attacks. Key findings include identifying the attack rates of DDoS attacks that disrupt services and quantifying the energy consumption impact of Energy Consumption Distributed Denial of Service (EC-DDoS) and F-APs attacks on smart healthcare devices.   The study highlights communication protocols, attack rates, payload sizes, and port states of victim devices as critical factors influencing energy consumption. These insights provide a comprehensive understanding of IoT device vulnerabilities in smart healthcare environments and lay the groundwork for future defense strategies.",2024-04-30,10.1007/978-3-031-43135-7_24,http://arxiv.org/abs/2404.19418v2,arxiv
44,Changing Data Sources in the Age of Machine Learning for Official Statistics,Cedric De Boom; Michael Reusens,UNECE Machine Learning for Official Statistics Workshop 2023,"Data science has become increasingly essential for the production of official statistics, as it enables the automated collection, processing, and analysis of large amounts of data. With such data science practices in place, it enables more timely, more insightful and more flexible reporting. However, the quality and integrity of data-science-driven statistics rely on the accuracy and reliability of the data sources and the machine learning techniques that support them. In particular, changes in data sources are inevitable to occur and pose significant risks that are crucial to address in the context of machine learning for official statistics.   This paper gives an overview of the main risks, liabilities, and uncertainties associated with changing data sources in the context of machine learning for official statistics. We provide a checklist of the most prevalent origins and causes of changing data sources; not only on a technical level but also regarding ownership, ethics, regulation, and public perception. Next, we highlight the repercussions of changing data sources on statistical reporting. These include technical effects such as concept drift, bias, availability, validity, accuracy and completeness, but also the neutrality and potential discontinuation of the statistical offering. We offer a few important precautionary measures, such as enhancing robustness in both data sourcing and statistical techniques, and thorough monitoring. In doing so, machine learning-based official statistics can maintain integrity, reliability, consistency, and relevance in policy-making, decision-making, and public discourse.",2023-06-07,,http://arxiv.org/abs/2306.04338v1,arxiv
45,DOME: Recommendations for supervised machine learning validation in biology,Ian Walsh; Dmytro Fishman; Dario Garcia-Gasulla; Tiina Titma; Gianluca Pollastri; The ELIXIR Machine Learning focus group; Jen Harrow; Fotis E. Psomopoulos; Silvio C. E. Tosatto,,"Modern biology frequently relies on machine learning to provide predictions and improve decision processes. There have been recent calls for more scrutiny on machine learning performance and possible limitations. Here we present a set of community-wide recommendations aiming to help establish standards of supervised machine learning validation in biology. Adopting a structured methods description for machine learning based on data, optimization, model, evaluation (DOME) will aim to help both reviewers and readers to better understand and assess the performance and limitations of a method or outcome. The recommendations are formulated as questions to anyone wishing to pursue implementation of a machine learning algorithm. Answers to these questions can be easily included in the supplementary material of published papers.",2020-06-25,,http://arxiv.org/abs/2006.16189v4,arxiv
46,Deep Cox Mixtures for Survival Regression,Chirag Nagpal; Steve Yadlowsky; Negar Rostamzadeh; Katherine Heller,"Proceedings of the 6th Machine Learning for Healthcare Conference, PMLR 149:674-708, 2021","Survival analysis is a challenging variation of regression modeling because of the presence of censoring, where the outcome measurement is only partially known, due to, for example, loss to follow up. Such problems come up frequently in medical applications, making survival analysis a key endeavor in biostatistics and machine learning for healthcare, with Cox regression models being amongst the most commonly employed models. We describe a new approach for survival analysis regression models, based on learning mixtures of Cox regressions to model individual survival distributions. We propose an approximation to the Expectation Maximization algorithm for this model that does hard assignments to mixture groups to make optimization efficient. In each group assignment, we fit the hazard ratios within each group using deep neural networks, and the baseline hazard for each mixture component non-parametrically.   We perform experiments on multiple real world datasets, and look at the mortality rates of patients across ethnicity and gender. We emphasize the importance of calibration in healthcare settings and demonstrate that our approach outperforms classical and modern survival analysis baselines, both in terms of discriminative performance and calibration, with large gains in performance on the minority demographics.",2021-01-16,,http://arxiv.org/abs/2101.06536v6,arxiv
47,Learning Curves for Decision Making in Supervised Machine Learning: A Survey,Felix Mohr; Jan N. van Rijn,"Machine Learning, Volume 113, pages 8371-8425 (2024)","Learning curves are a concept from social sciences that has been adopted in the context of machine learning to assess the performance of a learning algorithm with respect to a certain resource, e.g., the number of training examples or the number of training iterations. Learning curves have important applications in several machine learning contexts, most notably in data acquisition, early stopping of model training, and model selection. For instance, learning curves can be used to model the performance of the combination of an algorithm and its hyperparameter configuration, providing insights into their potential suitability at an early stage and often expediting the algorithm selection process. Various learning curve models have been proposed to use learning curves for decision making. Some of these models answer the binary decision question of whether a given algorithm at a certain budget will outperform a certain reference performance, whereas more complex models predict the entire learning curve of an algorithm. We contribute a framework that categorises learning curve approaches using three criteria: the decision-making situation they address, the intrinsic learning curve question they answer and the type of resources they use. We survey papers from the literature and classify them into this framework.",2022-01-28,10.1007/s10994-024-06619-7,http://arxiv.org/abs/2201.12150v2,arxiv
48,On-Device Machine Learning: An Algorithms and Learning Theory Perspective,Sauptik Dhar; Junyao Guo; Jiayi Liu; Samarth Tripathi; Unmesh Kurup; Mohak Shah,,"The predominant paradigm for using machine learning models on a device is to train a model in the cloud and perform inference using the trained model on the device. However, with increasing number of smart devices and improved hardware, there is interest in performing model training on the device. Given this surge in interest, a comprehensive survey of the field from a device-agnostic perspective sets the stage for both understanding the state-of-the-art and for identifying open challenges and future avenues of research. However, on-device learning is an expansive field with connections to a large number of related topics in AI and machine learning (including online learning, model adaptation, one/few-shot learning, etc.). Hence, covering such a large number of topics in a single survey is impractical. This survey finds a middle ground by reformulating the problem of on-device learning as resource constrained learning where the resources are compute and memory. This reformulation allows tools, techniques, and algorithms from a wide variety of research areas to be compared equitably. In addition to summarizing the state-of-the-art, the survey also identifies a number of challenges and next steps for both the algorithmic and theoretical aspects of on-device learning.",2019-11-02,,http://arxiv.org/abs/1911.00623v2,arxiv
49,Active learning for data streams: a survey,Davide Cacciarelli; Murat Kulahci,Machine Learning (2023): 1-55,"Online active learning is a paradigm in machine learning that aims to select the most informative data points to label from a data stream. The problem of minimizing the cost associated with collecting labeled observations has gained a lot of attention in recent years, particularly in real-world applications where data is only available in an unlabeled form. Annotating each observation can be time-consuming and costly, making it difficult to obtain large amounts of labeled data. To overcome this issue, many active learning strategies have been proposed in the last decades, aiming to select the most informative observations for labeling in order to improve the performance of machine learning models. These approaches can be broadly divided into two categories: static pool-based and stream-based active learning. Pool-based active learning involves selecting a subset of observations from a closed pool of unlabeled data, and it has been the focus of many surveys and literature reviews. However, the growing availability of data streams has led to an increase in the number of approaches that focus on online active learning, which involves continuously selecting and labeling observations as they arrive in a stream. This work aims to provide an overview of the most recently proposed approaches for selecting the most informative observations from data streams in real time. We review the various techniques that have been proposed and discuss their strengths and limitations, as well as the challenges and opportunities that exist in this area of research.",2023-02-17,10.1007/s10994-023-06454-2,http://arxiv.org/abs/2302.08893v4,arxiv
50,Physics-Inspired Interpretability Of Machine Learning Models,Maximilian P Niroomand; David J Wales,ICLR 2023 Workshop on Physics for Machine Learning,"The ability to explain decisions made by machine learning models remains one of the most significant hurdles towards widespread adoption of AI in highly sensitive areas such as medicine, cybersecurity or autonomous driving. Great interest exists in understanding which features of the input data prompt model decision making. In this contribution, we propose a novel approach to identify relevant features of the input data, inspired by methods from the energy landscapes field, developed in the physical sciences. By identifying conserved weights within groups of minima of the loss landscapes, we can identify the drivers of model decision making. Analogues to this idea exist in the molecular sciences, where coordinate invariants or order parameters are employed to identify critical features of a molecule. However, no such approach exists for machine learning loss landscapes. We will demonstrate the applicability of energy landscape methods to machine learning models and give examples, both synthetic and from the real world, for how these methods can help to make models more interpretable.",2023-04-05,,http://arxiv.org/abs/2304.02381v2,arxiv
51,Communication-Efficient On-Device Machine Learning: Federated Distillation and Augmentation under Non-IID Private Data,Eunjeong Jeong; Seungeun Oh; Hyesung Kim; Jihong Park; Mehdi Bennis; Seong-Lyun Kim,,"On-device machine learning (ML) enables the training process to exploit a massive amount of user-generated private data samples. To enjoy this benefit, inter-device communication overhead should be minimized. With this end, we propose federated distillation (FD), a distributed model training algorithm whose communication payload size is much smaller than a benchmark scheme, federated learning (FL), particularly when the model size is large. Moreover, user-generated data samples are likely to become non-IID across devices, which commonly degrades the performance compared to the case with an IID dataset. To cope with this, we propose federated augmentation (FAug), where each device collectively trains a generative model, and thereby augments its local data towards yielding an IID dataset. Empirical studies demonstrate that FD with FAug yields around 26x less communication overhead while achieving 95-98% test accuracy compared to FL.",2018-11-28,,http://arxiv.org/abs/1811.11479v2,arxiv
52,A Benchmark Study of Machine Learning Models for Online Fake News Detection,Junaed Younus Khan; Md. Tawkat Islam Khondaker; Sadia Afroz; Gias Uddin; Anindya Iqbal,Machine Learning with Applications: 4(2021).100032,"The proliferation of fake news and its propagation on social media has become a major concern due to its ability to create devastating impacts. Different machine learning approaches have been suggested to detect fake news. However, most of those focused on a specific type of news (such as political) which leads us to the question of dataset-bias of the models used. In this research, we conducted a benchmark study to assess the performance of different applicable machine learning approaches on three different datasets where we accumulated the largest and most diversified one. We explored a number of advanced pre-trained language models for fake news detection along with the traditional and deep learning ones and compared their performances from different aspects for the first time to the best of our knowledge. We find that BERT and similar pre-trained models perform the best for fake news detection, especially with very small dataset. Hence, these models are significantly better option for languages with limited electronic contents, i.e., training data. We also carried out several analysis based on the models' performance, article's topic, article's length, and discussed different lessons learned from them. We believe that this benchmark study will help the research community to explore further and news sites/blogs to select the most appropriate fake news detection method.",2019-05-12,10.1016/j.mlwa.2021.100032,http://arxiv.org/abs/1905.04749v2,arxiv
53,MerLin: A Discovery Engine for Photonic and Hybrid Quantum Machine Learning,Cassandre Notton; Benjamin Stott; Philippe Schoeb; Anthony Walsh; Grégoire Leboucher; Vincent Espitalier; Vassilis Apostolou; Louis-Félix Vigneux; Alexia Salavrakos; Jean Senellart,"IJCNN SS07 Quantum Machine Learning Algorithms and Applications, IEEE WCCI 2026","Identifying where quantum models may offer practical benefits in near term quantum machine learning (QML) requires moving beyond isolated algorithmic proposals toward systematic and empirical exploration across models, datasets, and hardware constraints. We introduce MerLin, an open-source framework designed as a discovery engine for photonic and hybrid quantum machine learning. MerLin integrates optimized strong simulation of linear optical circuits into standard PyTorch and scikit learn workflows, enabling end-to-end differentiable training of quantum layers.   MerLin is designed around systematic benchmarking and reproducibility. As an initial contribution, we reproduce eighteen state-of-the-art photonic and hybrid QML works spanning kernel methods, reservoir computing, convolutional and recurrent architectures, generative models, and modern training paradigms. These reproductions are released as reusable, modular experiments that can be directly extended and adapted, establishing a shared experimental baseline consistent with empirical benchmarking methodologies widely adopted in modern artificial intelligence.   By embedding photonic quantum models within established machine learning ecosystems, MerLin allows practitioners to leverage existing tooling for ablation studies, cross-modality comparisons, and hybrid classical-quantum workflows. The framework already implements hardware-aware features, allowing tests on available quantum hardware while enabling exploration beyond its current capabilities, positioning MerLin as a forward-looking co-design tool linking algorithms, benchmarks, and hardware.",2026-02-11,,http://arxiv.org/abs/2602.11092v2,arxiv
54,Leveraging IoT for Patient Monitoring and Smart Healthcare,Bhupinder Singh; Christian Kaunert,Advances in Healthcare Information Systems and Administration,"A new era of “smart health” has begun as a result of advances in advanced technology, revolutionizing patient and medical staff healthcare procedures both inside and outside of hospitals. Patients can now gather thorough health data utilizing cellphones and wearable technology, independent of their geographic location or time zone. However, present tactics for smart-health devices tend to focus on the smartness of the technology itself and on controlling a specific disease or condition. The use of this patient-generated data holds great promise for future healthcare breakthroughs in many ways. It entails the integration of advanced machine learning methods to track and analyze human activity, thereby fostering a holistic approach to personalized healthcare. This chapter focuses on the multifarious aspects of Leveraging IoT for Patient Monitoring and Smart Healthcare.",2024-10-18,10.4018/979-8-3693-7225-8.ch002,https://doi.org/10.4018/979-8-3693-7225-8.ch002,crossref
55,Wearable Hardware Design for the Internet of Medical Things (IoMT),Fayez Qureshi; Sridhar Krishnan,Sensors,"As the life expectancy of individuals increases with recent advancements in medicine and quality of living, it is important to monitor the health of patients and healthy individuals on a daily basis. This is not possible with the current health care system in North America, and thus there is a need for wireless devices that can be used from home. These devices are called biomedical wearables, and they have become popular in the last decade. There are several reasons for that, but the main ones are: expensive health care, longer wait times, and an increase in public awareness about improving quality of life. With this, it is vital for anyone working on wearables to have an overall understanding of how they function, how they were designed, their significance, and what factors were considered when the hardware was designed. Therefore, this study attempts to investigate the hardware components that are required to design wearable devices that are used in the emerging context of the Internet of Medical Things (IoMT). This means that they can be used, to an extent, for disease monitoring through biosignal capture. In particular, this review study covers the basic components that are required for the front-end of any biomedical wearable, and the limitations that these wearable devices have. Furthermore, there is a discussion of the opportunities that they create, and the direction that the wearable industry is heading in.",2018-11-7,10.3390/s18113812,https://doi.org/10.3390/s18113812,crossref
56,Wearable Hardware Design for the Internet of Medical Things (IoMT),Fayez Qureshi; Sridhar Krishnan,,"As the life expectancy of individuals increases with recent advancements in medicine and quality of living, it is important to monitor the health of patients and healthy individuals on a daily basis. This is not possible with the current health care system in North America, and thus there is a need for wireless devices that can be used from home. These devices are called biomedical wearables, and they have become popular in the last decade. There are several reasons for that, but the main ones are: expensive health care, longer wait times, and an increase in public awareness about improving quality of life. With this, it is vital for anyone working on wearables to have an overall understanding of how they function, how they were designed, their significance, and what factors were considered when the hardware was designed. Therefore, this study attempts to investigate the hardware components that are required to design wearable devices that are used in the emerging context of the Internet of Medical Things (IoMT). This means that they can be used, to an extent, for disease monitoring through biosignal capture. In particular, this review study covers the basic components that are required for the front-end of any biomedical wearable, and the limitations that these wearable devices have. Furthermore, there is a discussion of the opportunities that they create, and the direction that the wearable industry is heading in.",2022-10-28,10.32920/14639742.v1,https://doi.org/10.32920/14639742.v1,crossref
57,Wearable Hardware Design for the Internet of Medical Things (IoMT),Fayez Qureshi; Sridhar Krishnan,,"As the life expectancy of individuals increases with recent advancements in medicine and quality of living, it is important to monitor the health of patients and healthy individuals on a daily basis. This is not possible with the current health care system in North America, and thus there is a need for wireless devices that can be used from home. These devices are called biomedical wearables, and they have become popular in the last decade. There are several reasons for that, but the main ones are: expensive health care, longer wait times, and an increase in public awareness about improving quality of life. With this, it is vital for anyone working on wearables to have an overall understanding of how they function, how they were designed, their significance, and what factors were considered when the hardware was designed. Therefore, this study attempts to investigate the hardware components that are required to design wearable devices that are used in the emerging context of the Internet of Medical Things (IoMT). This means that they can be used, to an extent, for disease monitoring through biosignal capture. In particular, this review study covers the basic components that are required for the front-end of any biomedical wearable, and the limitations that these wearable devices have. Furthermore, there is a discussion of the opportunities that they create, and the direction that the wearable industry is heading in.",2022-10-28,10.32920/14639742,https://doi.org/10.32920/14639742,crossref
58,An IoMT‐Based Approach for Real‐Time Monitoring Using Wearable Neuro‐Sensors,Mohammed Wasim Bhatt; Sparsh Sharma,Journal of Healthcare Engineering,"The Internet of Things (IoT) has demonstrated over the past few decades to be a powerful tool for connecting various medical equipment with in‐built sensors and healthcare professionals to deliver superior health services that also reach remote areas. In addition to reducing healthcare costs, increasing access to clinical services, and enhancing operational effectiveness in the healthcare industry, it has also enhanced patient health safety. Recent research has focused on using EEG to assist and comprehend brain changes in rehabilitation facilities. These technologies can spot fluctuations in EEG constraints during treatment, which could result in more effective therapy and better functional outcomes. As a result, we have tried to use an IoT‐based system for real‐time monitoring of the constraints. Another unknown patient who is suffering from acute ischemic stroke may experience stroke‐in‐evolution or an early worsening of neurological symptoms, which is frequently associated with poor clinical outcomes. Because of this, managing an acute stroke requires early detection of these indications. The present investigation work will act as a standard reference for academic researchers, medical professionals, and everyone else involved in the use of IoMT. This study aims to anticipate strokes sooner and prevent their consequences by early intervention using an Internet of Things (IoT)‐based system. Also, this study proposes usage of wearable equipment that can monitor and analyze brain signals for improved treatment and the prevention of stroke‐related complications.",2023-1,10.1155/2023/1066547,https://doi.org/10.1155/2023/1066547,crossref
59,EEG SignalsAnalysis and Modeling for Machine Learning Techniques in IoMT based Wearable in Healthcare,Bhaskar Kapoor,,"Abstract
        Electroencephalographic (EEG) data analysis frequently involves visual signal evaluation, feature extraction, and model development. Improved descriptive and prognostic models of brain states and illnesses have already been produced, in part thanks to computer-aided nonlinear feature extraction from EEG. However, in this discipline, there aren't many effective tools that are publicly available for scientific study of EEG and would enable researchers to compare the findings of their work with those of other researchers. There is a need for a shared framework for the analysis, extraction, and visualisation of EEG records, especially given the wide variety of EEG analysis methods that have been presented. This study aims to introduce such a framework, known as EEGFrame, and its Java implementation. The analysis is currently supported by the framework.",2022-7-19,10.21203/rs.3.rs-1810072/v2,https://doi.org/10.21203/rs.3.rs-1810072/v2,crossref
60,Remote Patient Monitoring Based on IoT Technologies,Sabina M. Nobari; Fidan Arzumanova,Journal of Smart Technologies and Computational Systems,"The rapid advancement of Internet of Things (IoT) technology is
revolutionizing traditional healthcare infrastructure, offering innovative
solutions, especially in the field of remote patient monitoring (RPM). This
The article extensively discusses the entire lifecycle of IoT-based RPM systems,
including their fundamental principles and architecture, applications,
associated technology, challenges, and future scope. According to various
studies, not only does this help in the betterment of patient health, but it is
also economically viable to the system, helping in the reduction of hospital
and overall healthcare expenses. In this article, the importance of RPM in
the treatment and monitoring of chronic diseases, its applications in care
and monitoring of elderly patients, and in cardiology and post-operative care
have been discussed in detail. But for the widespread adoption of IoT-based
RPM, various factors need to be considered, including data security.
regulatory issues, and technological synergies. In addition, the importance
and future scope of various techniques and technologies, including TinyML,
Federated learning and blockchain have been discussed.
Keywords: remote patient monitoring, IoT, AI, edge computing, federated
learning, TinyML, data security, healthcare informatics, wearable
technologies, telemedicine",2026-3,10.54414/hltf9583,https://doi.org/10.54414/hltf9583,crossref
61,Design and Integration of IoT-Enabled Health Sensors for Remote Patient Monitoring,Dhanesh Jain; Ravi Butola,,"With the increasing demand for continuous and accessible healthcare, the integration of Internet of Things (IoT) technologies with biomedical sensors offers some promising solutions for constant patient monitoring. This research presents the design and implementation of a compact, IoT-enabled health system capable of tracking key physical parameters, including body temperature, heart rate, and blood oxygen level. The system uses low-power sensors with a microcontroller and transmits data wirelessly to the cloud via Wi-Fi or Bluetooth. Data is visualized in real-time through a web-based dashboard, allowing healthcare professionals to monitor patient status remotely. This system can trigger warnings in case of abnormal readings to prevent critical health conditions. The modular nature of the design allows easy integration of additional sensors, making it suitable for various clinical applications. This paper highlights how IoT-based health monitoring can improve patient conditions, reduce hospital visits, and support healthcare delivery in underserved regions.",2025-10-21,10.36227/techrxiv.176107780.07071252/v1,https://doi.org/10.36227/techrxiv.176107780.07071252/v1,crossref
62,IoT Integration in Telemedicine: Investigating the Role of Internet of Things Devices in Facilitating Remote Patient Monitoring and Data Transmission,,International Internal Medicine Journal,"Introduction: The integration of Internet of Things (IoT) technology with telemedicine has ushered in a groundbreaking era for healthcare, allowing for remote monitoring and data transmission of patients. This research paper aims to explore the complex relationship between IoT devices and telemedicine, examining their combined potential to improve patient care and transform healthcare workflows. Method: To gain a deeper understanding of the impact of IoT-powered telemedicine, a qualitative study was conducted to explore the experiences and perspectives of both healthcare practitioners and patients. Using in-depth interviews and content analysis, we examined the integration of IoT devices, such as wearables and remote sensors, into telemedicine platforms. This allowed us to uncover real-time health data collection and transmission from patients' homes to medical professionals. Result: This study's analysis of the benefits, challenges, and user satisfaction indicates that IoT-powered remote patient monitoring significantly enhances patient care by facilitating timely interventions and reducing hospital admissions, ultimately leading to improved healthcare outcomes and highlighting the effectiveness of IoT-powered remote patient monitoring in relation to healthcare outcomes. Furthermore, we analyze the complex technical factors that influence the effective deployment of IoT devices in telehealth settings. The integration of telemedicine with IoT technology is a complex process that requires careful consideration of several factors, including data security, interoperability, and data analytics. These factors play a crucial role in ensuring the effective and secure exchange of health information between different systems. The insights gained from this research can help to inform the development of best practices for telemedicine, ultimately improving patient care and outcomes. The findings also have implications for healthcare providers, technology developers, and policymakers who seek to leverage IoTintegrated telehealth solutions in their work.",2023-11-14,10.33140/iimj.01.05.03,https://doi.org/10.33140/iimj.01.05.03,crossref
63,IoT-Enabled Remote Patient Monitoring with AWS IoT Core,Prof. Sandhya Chalisgaonkar,International Journal of Advanced Networking and Applications,"This research investigates the design and implementation of an IoT-enabled Remote Patient Monitoring (RPM) system using AWS IoT Core. Addressing key challenges like scalability, real-time processing, and security, the paper integrates advanced cloud-based technologies and explores performance metrics to validate its efficiency. Drawing insights from recent developments in cloud computing and healthcare IoT, the system leverages AWS's secure and scalable infrastructure. The results demonstrate improved latency, scalability, and data processing, making it a promising solution for chronic disease management.",2025,10.35444/ijana.2025.16504,https://doi.org/10.35444/ijana.2025.16504,crossref
64,IoT Based Remote Patient Monitoring and Telemedicine Solutions for Accessible and Cost Effective Healthcare Services,Anuradha R; Kundan Baddur; Modalavalasa Divya,IoT-Enabled Smart Health Care Systems,"The integration of Internet of Things (IoT) technologies into healthcare systems has transformed traditional care models by enabling real-time, continuous, and remote patient monitoring. This chapter presents an in-depth exploration of IoT-based Remote Patient Monitoring (RPM) and telemedicine solutions, emphasizing their role in enhancing healthcare accessibility, affordability, and quality. The fusion of wearable sensors, edge computing, cloud platforms, and intelligent analytics allows for proactive management of chronic diseases, early detection of clinical deterioration, and reduction in unnecessary hospitalizations. The chapter outlines the core components of RPM systems, including sensor technologies, communication infrastructure, and data lifecycle management, while examining the functional role of healthcare providers in interpreting data and ensuring responsive care delivery. Special attention is given to behavioral health and sleep monitoring use cases, showcasing the adaptability of RPM across diverse clinical scenarios. Challenges such as data privacy, system interoperability, and patient engagement are critically evaluated, alongside future research directions focusing on AI-driven personalization, federated learning, and inclusive design. By addressing both the technological and systemic aspects of IoT-enabled healthcare, this chapter offers a comprehensive roadmap for leveraging RPM in scalable and sustainable telehealth solutions.",2025-6-26,10.71443/9789349552548-05,https://doi.org/10.71443/9789349552548-05,crossref
65,Federated Learning and Data Privacy in Connected Healthcare Devices,A Thanikasalam; S Bharathi; Amit Kumar Bhakta,Machine Learning and Deep Learning in Smart Healthcare Systems and Implantable Devices,"Federated learning has emerged as a transformative paradigm for secure and intelligent healthcare systems, enabling collaborative model training without centralized data aggregation. This book chapter explores the architectural foundations, privacy-preserving techniques, and real-world applications of federated learning in connected healthcare environments. The discussion emphasizes the integration of decentralized artificial intelligence with Internet of Medical Things (IoMT) devices, facilitating clinical decision support, real-time health prediction, and continuous patient monitoring while maintaining strict compliance with data protection regulations. The chapter examines communication frameworks, model update mechanisms, and scalable system architectures that ensure interoperability across diverse healthcare infrastructures. Security challenges such as data poisoning, inference attacks, and model inversion are analyzed in conjunction with robust defense mechanisms including differential privacy, secure multi-party computation, and homomorphic encryption. Through an in-depth examination of federated learning’s role in privacy-preserving analytics, this work highlights its potential to revolutionize precision medicine, telehealth, and patient-centric digital ecosystems. The synthesis of distributed intelligence and ethical AI practices positions federated learning as a cornerstone technology for the future of connected and trustworthy healthcare innovation.",2026-1-14,10.71443/9789349552036-13,https://doi.org/10.71443/9789349552036-13,crossref
66,Introduction to Machine Learning and Deep Learning for Intelligent Healthcare Applications,A. Rajesh Kanna; Rajkumar D V; Mahalakshmi S,Machine Learning and Deep Learning in Smart Healthcare Systems and Implantable Devices,"The integration of Machine Learning (ML) and Deep Learning (DL) in healthcare has revolutionized medical diagnostics, personalized medicine, and clinical decision-making. These advanced technologies enable healthcare systems to analyze vast, complex datasets, transforming the way diseases are diagnosed, treated, and managed. This chapter explores the pivotal role of AI-powered models in healthcare, focusing on applications such as automated lab test interpretation, risk stratification, and disease prediction. ML and DL algorithms, with their ability to process large volumes of heterogeneous data, enhance diagnostic accuracy, improve predictive capabilities, and enable personalized treatment strategies. By leveraging data from electronic health records (EHRs), medical imaging, and genomic profiles, these models provide actionable insights that support clinical decision-making and facilitate early disease detection. The chapter further delves into the challenges associated with AI adoption in healthcare, including data quality, model interpretability, and ethical concerns. As the healthcare landscape continues to evolve, AI-powered approaches hold the promise of improving patient outcomes, optimizing clinical workflows, and reducing healthcare costs.",2026-1-14,10.71443/9789349552036-01,https://doi.org/10.71443/9789349552036-01,crossref
67,Machine Learning and Deep Learning in Smart Healthcare Systems and Implantable Devices,Sridhar,,"Machine Learning and Deep Learning in Smart Healthcare Systems and Implantable Devices presents an in-depth exploration of intelligent technologies transforming modern healthcare. The book explains how ML and DL algorithms enhance disease prediction, diagnosis, real-time monitoring, and personalized treatment. Special emphasis is placed on implantable medical devices, including smart sensors, pacemakers, neurostimulators, and drug delivery systems, highlighting adaptive and data-driven decision-making capabilities. It also addresses challenges related to data security, explainability, regulatory compliance, and ethical considerations. This book serves as a valuable reference for researchers, healthcare professionals, and engineers working on intelligent, patient-centric healthcare solutions.",2026-1-14,10.71443/9789349552036,https://doi.org/10.71443/9789349552036,crossref
68,Chapter Name : Machine Learning Algorithms for Real Time ECG and EEG Signal Analysis in Wearable Devices,Suberiya Begum S; C.Gethara Gowri; Niaz A. Salam,Machine Learning and Deep Learning in Smart Healthcare Systems and Implantable Devices,"The rapid evolution of wearable devices has transformed the landscape of healthcare, enabling continuous, real-time monitoring of physiological signals such as Electrocardiogram (ECG) and Electroencephalogram (EEG). This book chapter explores the integration of machine learning algorithms for real-time ECG and EEG signal analysis in wearable health technologies, emphasizing their potential to revolutionize patient care through early diagnosis and proactive health management. The chapter addresses critical challenges in signal acquisition, including noise, motion artifacts, and sensor limitations, while highlighting advanced techniques for signal preprocessing and feature extraction. Machine learning models, particularly deep learning approaches like Convolutional Neural Networks (CNNs) and Long Short-Term Memory (LSTM) networks, are examined for their efficacy in classifying ECG and EEG signals with high accuracy. Moreover, data augmentation strategies and their impact on model performance are discussed, offering solutions to the common issue of limited and imbalanced healthcare datasets. The chapter also delves into performance and efficiency considerations, focusing on optimizing machine learning algorithms to balance accuracy, speed, and energy consumption for real-time processing in resource-constrained wearable devices. Finally, the potential applications of these systems in detecting cardiovascular and neurological events, along with the future direction of personalized healthcare using AI-powered wearables, are explored. This work provides a comprehensive overview of the cutting-edge advancements in machine learning for wearable ECG and EEG signal analysis, offering valuable insights for researchers, developers, and healthcare professionals.",2026-1-14,10.71443/9789349552036-04,https://doi.org/10.71443/9789349552036-04,crossref
69,Machine Learning-Based Tuning Algorithms for Neurostimulators and Deep Brain Implants,Bhaskar Jyoti Chutia; P Pathalamuthu; S Ranganathan,Machine Learning and Deep Learning in Smart Healthcare Systems and Implantable Devices,"Neurostimulation technologies, including deep brain implants (DBIs), have emerged as transformative treatments for a range of neurological disorders. However, traditional methods of tuning neurostimulation devices are limited by their static nature, requiring frequent adjustments that are often time-consuming and inefficient. The integration of machine learning (ML) offers a promising solution to optimize neurostimulation, allowing for real-time, adaptive control that can be personalized to individual patients. This chapter explores the role of ML algorithms in enhancing the tuning of neurostimulators, focusing on their ability to process large volumes of data from diverse sources, including neural signals, physiological biomarkers, and wearable sensors. Machine learning-based models are capable of dynamically adjusting stimulation parameters, thereby improving both short-term efficacy and long-term treatment outcomes. Key challenges in developing patient-specific ML models are addressed, including data heterogeneity, real-time adaptability, and interpretability. Additionally, the chapter examines the integration of multi-modal data and the potential for closed-loop systems to provide continuous learning and optimization. By leveraging these advancements, machine learning is poised to revolutionize the personalization of neurostimulation therapies, offering more precise, efficient, and patient-centric treatments. The chapter concludes with a discussion on the future directions of ML in neurostimulation, emphasizing its potential to redefine the landscape of neurological care.",2026-1-14,10.71443/9789349552036-09,https://doi.org/10.71443/9789349552036-09,crossref
70,AI-Enhanced Secure Communication Protocols for Wearable and Implantable Medical Devices,Ankita Avthankar; Rakesh. G; P D Selvam,Machine Learning and Deep Learning in Smart Healthcare Systems and Implantable Devices,"The rapid advancement of wearable and implantable medical devices has revolutionized healthcare by enabling continuous monitoring and real-time data transmission. However, the increasing interconnectivity of these devices within the Internet of Medical Things (IoMT) presents significant cybersecurity challenges. Traditional security frameworks, often too resource-intensive for resource-constrained devices, fail to provide adequate protection against emerging threats. This chapter explores the integration of artificial intelligence (AI) into secure communication protocols for medical devices, offering an adaptive, efficient, and scalable solution to safeguard sensitive health data. AI-driven encryption, anomaly detection, and threat prediction models provide real-time security while minimizing energy consumption and computational overhead. Federated learning and edge intelligence further enhance data privacy by ensuring that medical data remains decentralized and protected during model training. Privacy-preserving techniques, including differential privacy, homomorphic encryption, and secure multiparty computation, are critically examined for their effectiveness in preventing unauthorized access to patient data. Through comprehensive analysis of the current state-of-the-art in AI-enhanced secure medical communication, this chapter provides insights into the future of intelligent, privacy-conscious, and resilient healthcare systems. The findings emphasize the need for transparent, ethically governed AI models that maintain compliance with global data protection standards while advancing the capabilities of next-generation biomedical technologies.",2026-1-14,10.71443/9789349552036-14,https://doi.org/10.71443/9789349552036-14,crossref
71,AI-Enabled Adaptive Control Systems for Intelligent Pacemakers and Cardiac Rhythm Devices,R. Sorna Keerthi; S Satish Kumar; N Venkatesan,Machine Learning and Deep Learning in Smart Healthcare Systems and Implantable Devices,"The integration of Artificial Intelligence (AI) into pacemakers and cardiac rhythm devices has revolutionized the management of cardiovascular diseases, offering a personalized approach to cardiac care. AI-enabled pacemakers leverage adaptive control systems to continuously monitor and analyze real-time physiological data, enabling dynamic adjustments to pacing parameters tailored to the specific needs of each patient. This chapter explores the clinical applications, challenges, and potential benefits of AI-driven pacemakers, emphasizing their impact on long-term patient outcomes, predictive analytics for arrhythmia prevention, and the integration of AI algorithms with traditional pacemaker systems. Key considerations surrounding data security, informed consent, and patient trust are critically examined in the context of AI adoption in medical devices. Additionally, the chapter highlights the obstacles to integration with existing healthcare infrastructures and the evolving regulatory landscape that governs AI in medical technology. Through comprehensive analysis, this chapter provides valuable insights into the transformative potential of AI-driven cardiac devices, shaping the future of personalized cardiac care and patient management.",2026-1-14,10.71443/9789349552036-08,https://doi.org/10.71443/9789349552036-08,crossref
72,MACHINE LEARNING FOR HEALTHCARE WEARABLE DEVICES,"Kumutha Duraisamy D; Dharshini K, Jaya P; Nandhini V; Poornika M; Manjusha A; Mirudhula K",IIP Series,"This paper introduces ―Early Cancer Fatigue Syndrome Detection via Wearable Biosensors,‖ a ground- breaking feature designed for healthcare wearables, utilising machine learning to monitor and manage cancer-related fatigue (CRF)—a common, debilitating side effect experienced by cancer patients during and after treatment. Current wearables focus on general health metrics, but this system integrates real-time monitoring of specific biomarkers related to CRF, such as heart rate variability, inflammatory markers (via skin sensors), and sleep disturbances. The machine learning model detects subtle, early signs of cancer-related fatigue by analysing these physiological changes in correlation with treatment cycles, stress levels, and patient-reported symptoms. This proactive system provides personalised interventions, such as energy management techniques, nutrition guidance, and exercise recommendations, aimed at reducing the impact of CRF and improving overall quality of life. By focusing on early detection and management of fatigue, this wearable innovation significantly enhances patient care during cancer treatment, improving both recovery rates and patient well-being. In addition, the system adapts to individual patient needs, adjusting recommendations based on treatment progress and personal health data. This dynamic approach ensures that patients receive timely, personalized support, preventing fatigue from interfering with treatment efficacy. By enhancing both physical and emotional care, the wearable not only aids in managing fatigue but also fosters a holistic approach to cancer recovery. This innovation represents a significant leap in cancer care, offering a tangible solution to one of the most pervasive yet under-treated aspects of cancer therapy.",2025-12-1,10.58532/nbennuraimlsw5,https://doi.org/10.58532/nbennuraimlsw5,crossref
73,Safety and Efficacy of the First Mobile Intelligent Hemodialysis Platform in Mainland China: Protocol for a Single-Center Prospective Exploratory Study in Maintenance Hemodialysis Patients.,Renhua Lu; Yan Fang; Qisheng Lin; Yifei Lu; Yijun Zhou; Xiaojun Zeng; Tingting Liu; Wangshu Wu; Kewei Xie; Haifen Zhang; Shan Mou; Haijiao Jin; Zhaohui Ni; Leyi Gu,"Kidney diseases (Basel, Switzerland)","End-stage kidney disease (ESKD) is a growing global public health burden, with millions of patients dependent on maintenance hemodialysis (MHD). Conventional center-based MHD imposes significant constraints on patient flexibility, accessibility, and quality of life, while home hemodialysis faces substantial implementation barriers in China. Advances in digital health technologies - including artificial intelligence, internet of things (IoT), and real-time data analytics - offer opportunities to fundamentally transform dialysis care delivery. This study presents the protocol for the first clinical trial evaluating a mobile intelligent hemodialysis platform in mainland China. This is a prospective, single-center, exploratory clinical trial to be conducted at Ren Ji Hospital, Shanghai Jiao Tong University School of Medicine. Twenty adult ESKD patients (aged 18-75 years) receiving regular MHD 3 times weekly for at least 3 months will be enrolled. Participants will undergo a single 4-h hemodialysis session on the mobile intelligent dialysis platform, a specialized medical vehicle integrating water purification, dialysis equipment, and an intelligent clinical decision support system across six functional zones. The primary endpoint is the successful session completion rate, defined as completion without platform-related technical failure or premature termination. Secondary endpoints include dialysis adequacy (urea reduction ratio ≥65%; Kt/V >1.2), hemodynamic stability, and pre- to post-dialysis changes in biochemical parameters. Safety assessments include continuous vital sign monitoring and adverse event grading according to Common Terminology Criteria for Adverse Events (CTC-AE) version 4.0. The study has been approved by the Ethics Committee of Ren Ji Hospital (approval number: LY2024-313-A) and registered in the Chinese Clinical Trial Registry (ChiCTR2500100356). This trial is expected to demonstrate that the mobile intelligent hemodialysis platform can achieve high session completion rates, adequate dialysis efficiency, and a safety profile comparable to conventional center-based dialysis. If validated, this platform has the potential to improve service accessibility, reduce indirect costs, enhance patient autonomy, and provide a resilient dialysis option in public health emergencies and disaster settings, representing a meaningful paradigm shift in dialysis care delivery.",2026,10.1159/000553515,https://pubmed.ncbi.nlm.nih.gov/42609889/,pubmed
74,Thin fabric pressure sensors and TinyML smart gloves for edge IoT.,Tuan Nghia Nguyen; Chi Cuong Vu; Viet Hoang Nguyen; Van-Ca Phan,iScience,"Wearable human-machine interfaces require flexible sensing, low-latency processing, and secure data handling for practical edge IoT applications. This study presents a smart glove integrating thin carbon nanotube (CNT)-fabric pressure sensors with embedded tiny machine learning (TinyML) models on an ESP32S3 platform. The sensor achieves a sensitivity of 0.46 kPa-1, a response/recovery time of 60/45 ms, and stable operation over 3,500 cycles. Pressure signals from three fingertip channels are processed locally using lightweight random forest and k-nearest neighbors models, achieving classification accuracies of 92.1% and 96.55% with inference times of 0.185 and 4 ms, respectively. All raw sensor data remain on the embedded device, while only prediction labels are transmitted through Wi-Fi for remote monitoring. The proposed framework demonstrates a compact and privacy-aware wearable platform for real-time human-machine interaction and embedded healthcare systems.",2026,10.1016/j.matdes.2025.114084,https://pubmed.ncbi.nlm.nih.gov/42576997/,pubmed
75,Reimagining the Community Nursing Bag: Eco-Smart and Technology-Integrated Solutions.,S Niranjani; Prema Krishnan; T Umadevi; Jayamalli N,Cureus,"Community health nurses play a vital role in delivering preventive, promotive, curative, and rehabilitative healthcare services through home visits and outreach programs. The community nursing bag has long served as an essential tool for carrying supplies, equipment, medications, and records required for field-based nursing care. However, conventional community bags face several limitations, including infection-control concerns, excessive weight, poor ergonomic design, environmental impact, and limited integration with digital technologies. These challenges necessitate the modernization of traditional community nursing bags to meet the evolving demands of contemporary healthcare practice. This review explores the concept of eco-smart and technology-integrated community nursing bags as innovative solutions for enhancing field-based nursing care. This review discusses the traditional community bag technique, existing practices, and major challenges associated with conventional bags. It further examines eco-smart innovations such as sustainable fabrics, reusable sterilizable kits, biodegradable packaging, solar-powered charging systems, and water-resistant eco-friendly materials that promote environmental sustainability and improve usability. Technological advancements, including portable diagnostic devices, digital documentation systems, telehealth connectivity, Global Positioning System (GPS) technology, artificial intelligence (AI), and Internet of Things (IoT)-enabled applications, are highlighted for their potential to improve assessment, communication, continuity of care, and patient monitoring. This review also addresses infection-prevention enhancements such as antimicrobial surfaces, UV sterilization units, contamination-control compartments, and integrated hand hygiene systems. The relevance of these innovations to rural healthcare, disaster response, maternal and child health services, and geriatric home care is discussed. Additionally, challenges related to cost, training, digital literacy, and infrastructure limitations are examined. Future directions emphasize policy support, curriculum reform, research, and prototype development. Reimagining the community nursing bag as an eco-smart and technology-enabled system has the potential to improve healthcare accessibility, patient safety, sustainability, and quality of care, thereby strengthening community and public health nursing practice in the digital era.",2026,10.7759/cureus.112333,https://pubmed.ncbi.nlm.nih.gov/42571421/,pubmed
76,"Digital twins in geriatrics and gerontology: Applications, challenges, and future directions.",Grace Oluwatoyin Faronbi; Emily James; Euphemia Murateng Matope; Doyin Blessing Bamidele; John Oluwatosin Alabi; David B Olawade,Archives of gerontology and geriatrics,"The global population is ageing at an unprecedented rate, creating substantial pressures on healthcare systems to deliver personalised, proactive, and cost-effective care for older adults. Digital twin (DT) technology, where dynamic virtual replicas of physical entities are continuously updated through real-time data, has emerged as a transformative tool in precision medicine. Despite its growing application across clinical specialties, its specific utility within geriatrics and gerontology remains underexplored in the academic literature. This narrative review aims to synthesise existing evidence on the applications of digital twin technology in geriatric and gerontological care, examine associated challenges and identify future research priorities. A narrative review methodology was employed, with a systematic search of PubMed, Scopus, Web of Science, and IEEE Xplore databases covering publications from January 2014 to December 2025. Studies were selected based on relevance to digital twins, ageing populations, or geriatric clinical domains, with data synthesised thematically. Digital twins demonstrate significant potential benefit across multiple geriatric domains, with use in cardiovascular monitoring, fall prevention, dementia management, polypharmacy optimisation, and chronic disease self-management. Key enablers include advances in Internet of Things (IoT), artificial intelligence, and electronic health records. Persistent challenges include data privacy concerns, interoperability deficits, computational costs, and ethical questions surrounding autonomy and consent in cognitively impaired populations. Digital twin technology holds considerable promise for revolutionising geriatric and gerontological care, by enabling hyper-personalised clinical decision-making, predictive risk management, and remote patient monitoring. Translating this potential into practice requires focused investment in regulatory frameworks, equitable access infrastructure, and interdisciplinary collaboration. Future research should prioritise standardisation, caregiver integration, and longitudinal validation studies within older adult populations.",2026,10.1016/j.archger.2026.106371,https://pubmed.ncbi.nlm.nih.gov/42570533/,pubmed
77,Understanding the role of cybersecurity in the internet of things within the health sector: an empirical study.,Ruba A Alnajim; Ali A Alkhalifah,Frontiers in public health,"The digital healthcare environment is rapidly evolving, driven by the Internet of Things (IoT), which offers benefits like early diagnosis, monitoring, and cost reductions. However, this growth heightens the risk of cyberattacks, raising crucial concerns about patient safety, data breaches, and the necessity of trust for technology adoption. This study explores patient acceptance of digital health technologies for chronic disease management. A research framework was developed combining Protection Motivation Theory (PMT) and the Task-Technology Fit (TTF) model. This framework was augmented by incorporating comprehensive user-centric, behavioral, and technological dimensions. Data from 603 participants were analyzed using a hybrid methodology of Structural Equation Modeling (SEM) and Artificial Neural Networks (ANNs). The ANN was deployed to capture complex, non-linear relationships among variables, overcoming the linear limitations of traditional SEM to rank predictor importance with higher accuracy. Findings reveal that while cybersecurity concerns exist, they do not actively deter technology adoption; rather, they are statistically secondary to immediate health benefits and system usability, especially for patients with chronic diseases. Factors including functionality, information accuracy, trust, privacy, and training did not significantly influence IoT adoption, while awareness, perceived vulnerability, perceived severity, innovation, risk, and compliance exerted minor effects. This study advances digital health literature by providing a novel, dual-theoretic framework (PMT-TTF) validated through machine learning, demonstrating that utilitarian health value overrides security anxieties in chronic care contexts. The findings offer practical insights for healthcare providers and developers to prioritize user-centric design alongside robust security protocols.",2026,10.1108/JET-12-2017-0048,https://pubmed.ncbi.nlm.nih.gov/42539581/,pubmed
78,A Symmetric ICA-Based CDMA Receiver for Dense IoT-Enabled Healthcare Monitoring Systems.,Muhammad Irfan Anjum; Abdullah Waqas; Asad Saleem,"Sensors (Basel, Switzerland)","The rapid development of Internet of Things (IoT)-enabled healthcare systems, including wearable medical sensors and remote patient monitoring devices, has led to dense multiuser communication scenarios in which numerous low-power devices simultaneously transmit physiological data. In such environments, multiuser interference significantly degrades reliability and increases error rates, which may compromise clinical decision-making. This paper proposes a real-time symmetric Independent Component Analysis (ICA)-based Code Division Multiple Access (CDMA) receiver, termed symmetric independent CDMA (i-CDMA) receiver, to enhance multiuser detection in dense healthcare IoT networks. Unlike conventional ICA-CDMA receivers that utilize the orthogonality of users' spreading codes and higher-order statistics (HoS) of users' message symbols in signal separation, the proposed approach utilizes a symmetric independence process that jointly utilizes the independence of separating codes and the statistical independence of users' message symbols. The proposed receiver avoids the runtime optimization of scaling parameter for different user densities and SNR conditions. Furthermore, a modified whitening transform is introduced to exploit the complete signal-plus-noise subspace while avoiding overlearning. Simulation results demonstrate significant performance improvement over symmetric Gram-Schmidt orthogonalization-based standard ICA-CDMA receiver in terms of bit error rate (BER) under varying SNR and user-density scenarios for both uplink and downlink systems. The proposed receiver provides a scalable and interference-resilient communication framework suitable for real-time IoT-enabled healthcare monitoring applications.",2026,10.1002/sat.70037,https://pubmed.ncbi.nlm.nih.gov/42515383/,pubmed
79,Multimodal LLM-driven IoT digital healthcare platform for intelligent dysphagia dietary monitoring.,Zebang He; Steve W Y Mung; Anna Chi Shan Kam; Chetwyn C H Chan,Frontiers in nutrition,"Patients with dysphagia who are transitioning from clinical to domestic environments face significant life-threatening risks due to the ""nutrition-texture disconnect""-the systemic gap between hospital-prescribed International Dysphagia Diet Standardisation Initiative (IDDSI) levels and actual home-prepared meals. Existing dietary monitoring tools effectively track caloric intake, yet they lack the rheological sensing capabilities required to prevent acute choking and liquid aspiration hazards. This preliminary feasibility study introduces a novel, smartphone-centric Internet of Things platform that operationalizes a multimodal large language model (MLLM) as an ""intelligent soft sensor"" to bridge this safety gap. The system utilizes a three-stage cascaded pipeline-incorporating chain-of-thought reasoning and bi-directional safety logic-to perform automated dish recognition, localized nutritional retrieval, and pre-consumption IDDSI texture auditing from a single smartphone image. To evaluate performance, the platform was benchmarked against the newly established Clinical-Expert IDDSI Validation Benchmark, a curated dataset of 115 diverse meal images independently verified via physical rheological testing by certified clinical specialists. A comprehensive comparative evaluation was conducted across 14 commercial and open-source models. Our Qwen-based pipeline achieved a total exact match accuracy of 61.74%. Crucially, the system demonstrated the highest safety profile among 14 tested commercial and open-source models, achieving the lowest total false negative rate (FNR) of 9.2%. While localized open-source models exhibited a critical failure mode regarding liquid aspiration hazards (100% FNR), our cloud-based system maintained a robust 7.14% FNR for liquids. These empirical results indicate that the proposed platform serves as a superior, safety-first screening proxy tool for digital healthcare. By prioritizing a low hazard-miss rate over raw conversational baseline accuracy, the system successfully bridges the safety gap between clinical prescriptions and daily home-based monitoring. The framework offers an ethical, non-invasive, and highly scalable soft-sensing solution for longitudinal, unsupervised dysphagia oversight in home-care settings.",2026,10.1109/LSENS.2026.3688480,https://pubmed.ncbi.nlm.nih.gov/42500256/,pubmed
80,A novel IoT-aware wearable sensor device for healthcare data management framework using hybrid optimization algorithm.,Gopalakrishnan B; Purusothaman P,Physical and engineering sciences in medicine,"The Internet of Things (IoT) has provided a lot of support for patient care by connecting technologies and clinicians through a high-speed network. Data management in IoT healthcare requires a lot of support, since most of the networks are designed for continuous monitoring through the sensor devices, and this leads to challenges in managing sensor data. As the resources in IoT are limited, it is necessary to explore data management strategies so as to achieve an energy-efficient IoT healthcare setup. The classical transmission networks implemented for human-aided applications have various problems, such as limited battery life and resources. Therefore, an effective healthcare data management system using IoT-aided wearable sensor devices is implemented in this work to address the challenges encountered in traditional models. To facilitate robust communication for an IoT-assisted healthcare device, a cloud layer is established, which is used for health data collection and transmission and health monitoring. Here, optimal resource allocation is done using the proposed Hybrid Tasmanian Devil Archery Algorithm (HTDAA), and it is developed from the existing concepts of Tasmanian Devil Optimization (TDO) and Archery Algorithm (AA) to achieve high multi-objective constraint balance and convergence power. This optimal resource allocation process helps in reducing energy consumption in the usual data transmission. For an effective resource allocation process, an objective function is formulated based on the normalized energy ratio value, the buffer memory ratio, and the packet arrival data rate. The proposed HTDAA is established in the IoT setup and used for allocating the optimal channel resources to be involved in the health data transmission, and minimizes the energy requirement. The performance of the suggested HTDAA is estimated by comparing its numerical outcomes with recent optimization techniques. According to the analysis, the packet arrival ratio of HTDAA is 5.6%, 31.7%, 3.3%, and 18.1% enhanced than the recent ESO, SLO, TDO, and AA techniques. Simulations under different cases confirm that the designed HTDAA-based healthcare data management system achieves more robust and energy-efficient solutions than the traditional models.",2026,10.3390/infrastructures8020022,https://pubmed.ncbi.nlm.nih.gov/42489824/,pubmed
81,IoT-Based Isolation Ward Monitoring System Prototype.,Mohamed A Torad; Ahmed A M Torad; Mona Mohamed Taha; Eslam Samy El-Mokadem,"Sensors (Basel, Switzerland)","The COVID-19 pandemic exposed critical vulnerabilities in healthcare systems worldwide, placing healthcare workers (HCWs) at severe infection risk through direct patient contact. Epidemiological data confirm that HCWs were approximately seven times more likely to develop severe COVID-19 than other occupations, with over 7000 HCW deaths recorded globally by mid-2020. This paper presents the design and laboratory proof-of-concept validation of an IoT-based remote patient-monitoring system prototype-the IoT-Based Isolation Ward Monitoring System Prototype-designed to eliminate unnecessary patient-to-HCW physical contact while maintaining continuous, real-time physiological surveillance. The system integrates multi-sensor hardware comprising an AD8232 ECG module, a MAX30100 pulse oximeter, an NTC thermistor, and an MQ-135 CO2 sensor. These sensors interface with an Arduino UNO for data acquisition, while localized edge computing is executed on a Raspberry Pi 3B. A convolutional neural network (CNN) trained on the MIT-BIH Arrhythmia Database classifies heartbeats into five distinct categories. By utilizing SMOTE resampling on 109,446 samples, the network achieves an on-device inference latency of under 200 ms. The sensor data are transmitted to a Firebase Realtime Database via an authenticated REST API, which synchronizes data across dual front-end interfaces: a LabVIEW desktop dashboard for clinical oversight and a cross-platform Flutter mobile application for mobile monitoring. End-to-end technical validation under controlled laboratory conditions confirmed round-trip cloud latencies between 300 and 800 ms, error-free threshold alert generation, and sub-second latency for the integrated chat utility. The proposed system uniquely combines hardware sensing, ML-based ECG classification, cloud storage, a LabVIEW physician dashboard, and bidirectional doctor-patient mobile communication into a single unified, low-cost platform.",2026,10.1109/ACCESS.2019.2937875,https://pubmed.ncbi.nlm.nih.gov/42451307/,pubmed
82,An Intelligent IoT-Compatible Arrhythmia Detection System Using a Hybrid Vision Transformer-LSTM Framework.,S Selva Birunda; V Vaissnave; K Abirami,Cardiovascular engineering and technology,"In electrocardiogram (ECG) signal classification, advanced IoT-compatible systems and medical signal processing solutions have become feasible due to the rapid growth of the Internet of Things (IoT). However, it is challenging to detect and classify arrhythmias because of the complex nature and large volumes of ECG data. This article proposes a hybrid deep learning (DL) approach by combining long short-term memory (LSTM)and a Vision Transformer (ViT) for the automatic arrhythmia classifi cation from ECG signals. This article proposes a hybrid deep learning (DL) approach by combining long short-term memory (LSTM)and a Vision Transformer (ViT) for the automatic arrhythmia classifi cation from ECG signals. Initially, the proposed framework gathers the data from the MIT-BIH database for training. Then, preprocessing strategies such as min-max normalization and signal-to-spectrogram conversion using the Stockwell transform are applied. Then, the imbalance problem in the collected dataset is rectifi ed by applying the K-Mean scentered Adaptive Synthetic Sampling (KMADASYN) technique. Afterward, the proposed framework employs the Hybrid Optimized ViT with Long Short-Term Memory (HOVLSTM) for classification, where spatial and temporal features are extracted to achieve higher classification performance. The developed model achieved a classification accuracy of 99.17%, out performing several existing ECG classification systems. These outcomes demonstrate that the proposed technique is suitable for IoT-compatible healthcare systems. While the IoT-compatible system does not employ data acquisition, the model is evaluated in a simulated IoT environment, demonstrating its potential for future deployment in IoT-enabled clinical decision-support systems.",2026,10.3390/biomimetics9110670,https://pubmed.ncbi.nlm.nih.gov/42420590/,pubmed
83,Reinforcement learning driven edge-cloud coordination for secure and energy efficient IoMT.,Santhos Kumar Sasikumar; Tarun Vinod Pai; Kumaran Kalidasan; Saranya Gajendran,Frontiers in digital health,"The Internet of Medical Things (IoMT) enables sophisticated medical devices, but it also poses significant challenges in terms of data privacy, real-time processing, and energy efficiency for edge devices with limited resources. In this paper, we propose a hierarchical framework for intelligent and secure IoMT-based healthcare monitoring. At the sensor nodes, Federated Variational Mode Decomposition (VMD) is used to decompose physiological signals and locally extract high-fidelity features, ensuring data privacy. To overcome the computational limitations of microcontroller- based sensor nodes, a SparseBonsai neural network is designed for real-time classification of medical signals on the sensor nodes. A centralized orchestration layer, controlled by a Proximal Policy Optimization (PPO) reinforcement learning agent, makes dynamic decisions on whether to queue data for low-latency processing at the edge server or offload to the cloud, depending on data severity, network conditions, and battery level. To further improve energy efficiency, an advanced Sha-Dragon (Shannon-Entropy Dragonfly) optimization algorithm is proposed for resource and transmission power allocation in the IoT network. For security, a dual-layer approach is adopted: ASCON v1.2 lightweight authenticated encryption is used to secure node-to-edge communications, and a WireGuard VPN with ChaCha20-Poly1305 encryption protects data in transit to the cloud. Experimental validation on a Raspberry Pi 5 testbed with a cloud-connected laptop shows that the proposed system achieves a significant reduction in latency for critical alerts and improves the battery life of IoT nodes (8.5 days) compared to the conventional non-adaptive offloading approach. The results confirm the effectiveness of the proposed framework to facilitate energy-efficient, privacy-preserving, and real-time healthcare monitoring in IoMT.",2026,10.1109/TBME.2013.2264539,https://pubmed.ncbi.nlm.nih.gov/42403432/,pubmed
84,Multiscale artificial spider web for comprehensive pressure sensing and human-machine interaction.,Jing Dai; Kwan-Nyeong Kim; Guangzhong Xie; Dong-Su Choi; Seung-Woo Lee; Eojin Yoon; Chan-Yul Park; Han Dai; Somin Kim; Hyun-Haeng Lee; Tae-Woo Lee,Nature communications,"Flexible pressure sensors are key components of Internet of Things systems for monitoring environmental and physiological signals, yet simultaneously achieving a high sensitivity, a fast response time, and a high mechanical durability remains challenging owing to the lack of sophisticated structural designs that balance sensing performance and robustness. Here, we demonstrate a multiscale artificial spider web (MASW) fabricated via copper-mesh-assisted electrospinning of biodegradable polylactic acid, forming a nanofiber network that efficiently transmits stress while enhancing mechanical stability. The resulting pressure sensor simultaneously shows a high sensitivity of 39.85 [kPa]-1, a fast response of 42 ms and high durability over 6000 loading cycles, enabling reliable and versatile neural-network-assisted real-time monitoring of multiple physiological signals, including pulse, breathing, and vocalization. Furthermore, leveraging precise joint movement signal acquisition, a human-machine interaction system was developed with potential applications in fine motor rehabilitation for Parkinson's disease, suggesting strong promise for sustainable healthcare and IoT systems.",2026,10.1002/mds.10313,https://pubmed.ncbi.nlm.nih.gov/42401571/,pubmed
85,Digital Transformation for Community-Based Elderly Care Model: An Innovative Prediction Service for Managing and Monitoring Chronic Disease.,Huaiyuan Guo; Kannikar Hannah Wechkunanukul; Songkhamchai Leethongdisakul; Nachalida Yukalang,Studies in health technology and informatics,"This research aimed to develop and implement a digital innovation model integrating big data for chronic disease management and monitoring, and to promote digital transformation in community-based elderly care. A mixed-method approach centered on big data technology and public health perspectives was adopted. In pilot communities (n=3), the dynamic demand assessment model using Gradient Boosting Decision Tree (GBDT) achieved significantly higher prediction accuracy than traditional experiential judgment (85.3% vs. 62.4%, p<0.01). In Shandong cohort (n=320), real-time monitoring of blood pressure and blood glucose via smart devices increased hypertension management rate from 54% to 72% (p<0.05) and reduced diabetes complication incidence by 19%. In Beijing cohort (n=150), IoT-based fall monitoring shortened average response time from 22 minutes to 8 minutes and improved treatment success rate by 35%. The model demonstrated favorable data security and technical applicability, but faced challenges of digital divide-only 42% of adults aged 65+ could independently use service-booking apps, with 58% relying on family or volunteer assistance. The big data-driven prediction model is feasible for community elderly care and can facilitate its digital transformation, whereas further simplification of operational complexity is required.",2026,10.3233/SHTI260921,https://pubmed.ncbi.nlm.nih.gov/42394083/,pubmed
86,"Development of a Hospital Air Quality Monitoring Application Utilizing IoT Technology and Google Workspace: A Case Study of a Hospital in Mahasarakham, Thailand.",Suwattanapong Sribudda; Kallaya Harnpicharnchai; Noppanun Nankongnab; Wisit Thongkum,Studies in health technology and informatics,"Hospitals are high-risk environments where Indoor Air Quality (IAQ) significantly impacts the health and safety of personnel. Inefficient ventilation and the accumulation of pollutants can lead to Sick Building Syndrome and various non-communicable diseases. Conventional manual reporting systems often limit the speed and accuracy of risk assessment. Therefore, this study aimed to develop a digital solution to provide real-time air quality data for precise occupational risk management. This action research followed the Systems Development Life Cycle (SDLC) and Database Life Cycle (DBLC) through seven phases. An IoT-based monitoring device was developed to measure eight critical parameters: CO2, CO, TVOCs, PM2.5, PM10, temperature, and relative humidity. The system utilized Google Apps Script for automated reporting and Google App Sheet for data visualization, with data stored and processed through Google Sheets and a cloud server. The developed system successfully integrated IoT sensors with Google Workspace for real-time monitoring via mobile and web interfaces. Evaluation results indicated a high level of user satisfaction among hospital personnel, with mean scores ranging from 4.03 to 4.50. The highest ratings were achieved in ""System Processing Speed"" and ""Alignment with User Requirements"" (Mean = 4.50), demonstrating that the application effectively addresses staff needs. The application proves to be an efficient tool for monitoring hospital air quality and managing occupational health risks. By integrating IoT technology with low-code platforms, the system reduces administrative workload and promotes sustainable risk management practices.",2026,10.3233/SHTI260873,https://pubmed.ncbi.nlm.nih.gov/42394035/,pubmed
87,Advances in Remote Monitoring Technology Applications in Anesthesia: A Narrative Review.,Lixin Chen; Songhe Cheng; Libing Zhang; Huan Li; Zehua Tu; Xiaodong Cai,Medical science monitor : international medical journal of experimental and clinical research,"The swift progress of digital and sensor technologies is hastening the incorporation of remote monitoring into anesthesiology. While several reviews have explored telemedicine and artificial intelligence in anesthesia, most existing summaries either focus on conceptual outlook or lack systematic comparison of technical platforms and original clinical validation data. The present review provides a comprehensive, clinically oriented synthesis of remote monitoring in anesthesia, with clear focuses on technical principles, perioperative applications, platform comparisons, and evidence-based clinical outcomes. We critically assess clinical advantages and implementation hurdles, covering the full perioperative pathway - preoperative evaluation, intraoperative observation, and postoperative recovery. A head-to-head comparison of fifth generation of cellular network technology (5G), the Internet of Things (IoT), and cloud computing platforms is presented to clarify their infrastructure demands and suitability for real-world clinical scenarios. Notably, this review summarizes available clinical evidence, including evidence from the Trial of Remote Continuous versus Intermittent National Early Warning Score Monitoring after major surgery (TRaCINg) - a feasibility randomized controlled trial whose exploratory findings suggest that continuous remote monitoring may reduce unplanned intensive care unit admissions, shorten hospital stays, and facilitate earlier detection of postoperative complications. We further propose innovative solutions including multimodal data fusion and federated learning-driven predictive analytics to overcome current limitations in data interoperability, security, and clinical effectiveness. Accordingly, this paper synthesizes the latest advances in remote monitoring technology in anesthesia, clarifies its unique value relative to existing reviews, and provides practical guidance for clinical translation and future research.",2026,10.30953/bhty.v8.379,https://pubmed.ncbi.nlm.nih.gov/42381266/,pubmed
88,Experimental Validation of a Compact and Versatile Bioimpedance Measurement Platform Based on the SENSIPLUS Chip.,Lorenzo Giannini; Rita Asquini; Alessio Buzzin; Simone Contardi; Paolo Bruschi; Emanuele Piuzzi,"Sensors (Basel, Switzerland)","The growing demand for wearable and Internet of Medical Things (IoMT) devices is driving the development of compact, low-power platforms for continuous physiological monitoring. Bioimpedance analysis represents a versatile non-invasive technique for the assessment of tissue properties, body composition, and respiratory dynamics. This work presents a comprehensive experimental validation of a compact bioimpedance measurement platform based on the SENSIPLUS chip, a CMOS sensor interface integrating a frequency-programmable lock-in amplifier for Electrochemical Impedance Spectroscopy in the 10 kHz-1 MHz range. The platform was validated at three complementary levels: (i) electrical characterization on Debye tissue-equivalent circuits using a three-point bilinear calibration, with analysis of the electrode-skin contribution and repeatability assessment; (ii) in vivo multi-frequency bioimpedance spectroscopy (BIS) with Cole-Cole model fitting and hook-effect correction; and (iii) single-frequency thoracic impedance plethysmography for respiratory monitoring. Results were compared against an Agilent E4980A precision Inductance (L), Capacitance (C), and Resistance (R) meter and a calibrated spirometer. The presented device achieved a maximum resistance error below 5.7% and reactance deviation under 6 Ω across the investigated frequency range, Cole-Cole parameters consistent with reference values, and strong linear correlation (R2=0.97) between thoracic impedance variations and tidal volume, with respiratory rate estimation errors below 2% across the ten sessions, specifically 1.43% during normal breathing and 1.96% during deep breathing. These results demonstrate that the SENSIPLUS-based platform achieves metrological performance compatible with the requirements of wearable IoMT applications, here demonstrated in a single-subject proof-of-concept study, while relying for all critical analog functions on a compact (1.5×1.5) mm2 system-on-chip with low power consumption (1.5 mW).",2026,10.1007/s10877-021-00753-6,https://pubmed.ncbi.nlm.nih.gov/42590697/,pubmed
89,CNN-BiLSTM-Based Hybrid Deep Learning for Multi-Metric Anomaly Detection and Mitigation in Secure IoMT Healthcare WBANs.,Shanmugaraj Muthupandian; Devendran Manoj Kumar,"Sensors (Basel, Switzerland)","Wireless Body Area Networks (WBANs) have become an essential component of modern Internet of Medical Things (IoMT) healthcare systems, enabling continuous monitoring of patient physiological signals through wearable sensors. Despite their advantages, WBAN environments remain highly prone to cyber threats, privacy breaches, and single points of failure. To address these risks, this work proposes a Hybrid Multi-Metric Anomaly Detection (HM-MAD) framework deployed on the NodeMCU-32S platform with BLE 5.0 connectivity for secure continuous glucose monitoring (CGM) data transmission. The detection model simultaneously analyses physiological signals, system-level parameters, and network-level communication metrics, enabling the reliable identification of multiple cyberattacks. The proposed system focuses on securing data transmission against relay attacks, where attackers induce communication delay without modifying payloads, potentially leading to false glucose readings, improper insulin dosage delivery, unauthorized control or denial-of-service. The Convolutional Neural Network (CNN) and Bi-Directional Long Short Term Memory (BiLSTM) model classifies attack types including timing manipulation, replay attacks, power glitches, firmware tampering, and sensor spoofing. Experimental evaluation demonstrates that the proposed CNN + BiLSTM framework achieves 94.6% detection accuracy with an average inference latency of 15 ms, representing a 50% latency reduction compared to Transformer-based intrusion detection models (30 ms), while simultaneously reducing computational overhead by 28% in terms of floating-point operations and memory utilization. These results indicate that the HM-MAD framework provides an effective and scalable solution for protecting resource-constrained IoMT healthcare systems against emerging cyber threats.",2026,10.1016/j.snr.2025.100361,https://pubmed.ncbi.nlm.nih.gov/42356825/,pubmed
90,SHIELD: Blockchain-Enabled Lightweight Authentication Framework for Secure Wearable Health Monitoring in IoMT Environments.,Chao Wang; Xingsi Xue; Jing Wang; Huamao Jiang,IEEE journal of biomedical and health informatics,"Consumer health devices generate massive volumes of sensitive medical data requiring secure authentication mechanisms that accommodate the resource constraints of wearable sensors and portable diagnostic equipment. Traditional centralized authentication approaches in Internet of Medical Things (IoMT) environments suffer from single points of failure, privacy vulnerabilities, and scalability limitations when managing diverse health monitoring devices. This paper presents secure healthcare IoMT enhanced lightweight device authentication (SHIELD), a blockchain-based lightweight authentication framework designed for resource-constrained consumer health devices. The framework leverages blockchain's immutable and decentralized properties, combined with efficient elliptic curve cryptography, to ensure secure storage and verification of device identities while providing mutual authentication between health devices and medical data servers. Security analysis demonstrates that SHIELD satisfies twelve critical security properties, including decentralization, resistance to password guessing and replay attacks, perfect forward secrecy, and session key security. Performance evaluation reveals that SHIELD achieves computational efficiency at 9.837 milliseconds authentication latency, representing 31% improvement over previous best-performing schemes. The framework requires only 1384 bits of communication overhead and maintains minimal average delay times suitable for real-time health monitoring applications. Blockchain implementation analysis confirms practical deployment feasibility with 0.0356 MGas operational costs per authentication session.",2026,10.1109/JBHI.2026.3684050,https://pubmed.ncbi.nlm.nih.gov/41984610/,pubmed
91,Design and Implementation of an IoT-Based Low-Power Wearable EEG Sensing System for Home-Based Sleep Monitoring.,Ya Wang; Jun-Bo Chen; Yu-Ting Chen,"Sensors (Basel, Switzerland)","Long-term home-based sleep monitoring requires wearable sensing devices that strictly balance signal precision with power constraints. This study presents the design and implementation of a low-noise, low-power wearable single-channel electroencephalography (EEG) system for automatic sleep staging. The hardware architecture integrates a TI ADS1298 analog front-end with an STM32F4 microcontroller, utilizing differential sampling and hardware-based filtering to effectively suppress power-line interference and baseline drift. System-level testing demonstrates an average power consumption of approximately 150.85 mW, enabling over 24.6 h of continuous operation on a 1000 mAh battery, which meets the requirements for overnight monitoring. To achieve accurate staging without draining the wearable's battery, we adopted and deployed a lightweight deep learning model, SleePyCo, on the cloud backend. This architecture was specifically optimized for our edge-cloud collaborative execution, which combines contrastive representation learning with temporal dependency modeling. Validation on the ISRUC dataset yielded an overall accuracy of 79.3% ± 3.0%, with a notable F1-score of 88.3% for Deep Sleep (N3). Furthermore, practical field trials involving 10 healthy subjects verified the system's engineering stability, achieving a valid data rate exceeding 97% and a Bluetooth packet loss rate of only 0.8%. These results confirm that the proposed hardware-software co-designed system provides a robust, energy-efficient IoMT sensing solution for daily sleep health management.",2026,10.3390/s25165215,https://pubmed.ncbi.nlm.nih.gov/41901973/,pubmed
92,Secure IoMT smartwatch-based blood glucose monitoring using multimodal activity and nutrition data with transfer learning.,Mazin Abed Mohammed; Mohd Khanapi Abd Ghani; Sajida Memon; Abdullah Lakhan; Haydar Abdulameer Marhoon; Ahmed Dheyaa Radhi; Lukas Danys; Radek Martinek,Scientific reports,"In the modern era, healthcare faces critical challenges as individuals often consume unbalanced diets and neglect physical activity. A primary concern is elevated blood glucose levels, which commonly result from high carbohydrate intake and a sedentary lifestyle. To address this, the paper proposes a novel system: Enhanced Body Sugar Monitoring-Secure Smartwatches Leveraging IoMT for Activity and Nutrition Execution Based on Transfer Learning. The system collects multimodal data, including subject, nutrition, and activity records, to predict and display blood sugar levels under varying dietary and activity conditions using open-world multimodal datasets. The presented smartwatch-enabled framework is equipped with various Internet of Medical Things (IoMT) sensors, including heart rate, blood pressure, oxygen saturation, and more. These sensors are the inputs to different tasks that have collected data from them and offloaded execution to remote services. At the same time, the TL-DCNNOS algorithm processes the entire workflow through separate pipelines, such as data collection and encryption, and offloads task data to nearby edge nodes for secure execution. For real-time learning and training on sensor data while executing tasks across different nodes, we employ transfer learning and DCNNs to learn patterns of behavior such as eating, sitting, walking, and more to identify normal and abnormal behavior. We used the open-world IoMT dataset to train the initial model, and then trained and classified at runtime during real-time experiments on the testbed with different subjects. Simulation results show that we minimized time consumption and security risk and improved sugar prediction accuracy to 99% with various runtime activities, compared with existing studies.",2026,10.1016/j.heliyon.2024.e27177,https://pubmed.ncbi.nlm.nih.gov/41617908/,pubmed
93,Transforming Smart Healthcare Systems with AI-Driven Edge Computing for Distributed IoMT Networks.,Maram Fahaad Almufareh; Mamoona Humayun; Khalid Haseeb,"Bioengineering (Basel, Switzerland)","The Internet of Medical Things (IoMT) with edge computing provides opportunities for the rapid growth and development of a smart healthcare system (SHM). It consists of wearable sensors, physical objects, and electronic devices that collect health data, perform local processing, and later forward it to a cloud platform for further analysis. Most existing approaches focus on diagnosing health conditions and reporting them to medical experts for personalized treatment. However, they overlook the need to provide dynamic approaches to address the unpredictable nature of the healthcare system, which relies on public infrastructure that all connected devices can access. Furthermore, the rapid processing of health data on constrained devices often leads to uneven load distribution and affects the system's responsiveness in critical circumstances. Our research study proposes a model based on AI-driven and edge computing technologies to provide a lightweight and innovative healthcare system. It enhances the learning capabilities of the system and efficiently detects network anomalies in a distributed IoMT network, without incurring additional overhead on a bounded system. The proposed model is verified and tested through simulations using synthetic data, and the obtained results prove its efficacy in terms of energy consumption by 53%, latency by 46%, packet loss rate by 52%, network throughput by 56%, and overhead by 48% than related solutions.",2025,10.1007/s11042-024-20267-y,https://pubmed.ncbi.nlm.nih.gov/41301188/,pubmed
94,Lightweight signcryption scheme for Securing wearable sensor observed health data sharing in internet of medical things paradigm.,Taher M Ghazal; Mohammad Kamrul Hasan; Sallam O F Khairy; Umi Asma Mokhtar; Shayla Islam; Rashid A Saeed; Nada Ahmed; Mustafa Abdullah,Scientific reports,"The Internet of Medical Things (IoMT) plays a crucial role in enabling precision diagnosis and optimal recommendations for patients monitored remotely. However, conventional encryption–signature mechanisms introduce significant computational and communication overhead, making them unsuitable for resource-constrained IoMT devices that require secure and real-time transmission of health vitals. To address this gap, this article proposes a lightweight signcryption scheme tailored explicitly for IoMT data security. The novelty of the scheme lies in employing a triple-truncated DES-based signcryption with non-linear shared integrity verification, which simultaneously ensures confidentiality, authenticity, and resistance against replay and forgery attacks while reducing complexity. The operation increasingly adheres to critical preparation, signing, and distribution protocols even for fine-grained time periods, with truncation reaching succinct key pairs with low overhead. A lightweight CNN-based verification module is used to authenticate the sequence and handle truncation without introducing extra complexity, as required for IoMT efficiency. Experimental results demonstrate that the proposed approach improves detection accuracy by 14.12%, reduces service failures by 13.67%, and achieves computational time savings compared to baseline schemes. In all, the scheme provides an IoMT-optimized, low-complexity, and secure solution for protecting sensitive medical information against attacks in adversarial environments.",2025,10.1109/ACCESS.2024.3452669,https://pubmed.ncbi.nlm.nih.gov/41266478/,pubmed
95,Development and Validation of an IMU Sensor-Based Behaviour-Alert Detection Collar for Assistance Dogs: A Proof-of-Concept Study.,Shelley Brady; Alan F Smeaton; Hailin Song; Tomás Ward; Aoife Smeaton; Jennifer Dowler,Animals : an open access journal from MDPI,"Assistance dogs have shown promise in alerting to epileptic seizures in their owners, but current approaches often lack consistency, standardisation, and objective validation. This proof-of-concept study presents the development and initial validation of a wearable behaviour-alert detection collar developed for trained assistance dogs. It demonstrates the technical feasibility for automated detection of trained signalling behaviours. The collar integrates an inertial sensor and machine learning pipeline to detect a specific, trained alert behaviour of two rapid clockwise spins used by dogs to signal a seizure event. Data were collected from six trained dogs, resulting in 135 labelled spin alerts. Although the dataset size is limited compared to other machine learning applications, this reflects the real-world constraint that it is not practical for assistance dogs to perform excessive spin signalling during their training. Four supervised machine learning models (Random Forest, Logistic Regression, Naïve Bayes, and SVM) were evaluated on segmented accelerometer and gyroscope data. Random Forest achieved the highest performance (F1-score = 0.65; accuracy = 92%) under a Leave-One-DOG-Out (LODO) protocol. The system represents a novel step toward combining intentional canine behaviours with wearable technology, aligning with trends on the Internet of Medical Things. This proof-of-concept demonstrates technical feasibility and provides a foundation for future development of real-time seizure-alerting systems, representing an important first step toward scalable animal-assisted healthcare innovation.",2025,10.1007/s00521-024-10197-z,https://pubmed.ncbi.nlm.nih.gov/41227412/,pubmed
96,SecureEdge-MedChain: A Post-Quantum Blockchain and Federated Learning Framework for Real-Time Predictive Diagnostics in IoMT.,Sivasubramanian Ravisankar; Rajagopal Maheswar,"Sensors (Basel, Switzerland)","The burgeoning Internet of Medical Things (IoMT) offers unprecedented opportunities for real-time patient monitoring and predictive diagnostics, yet the current systems struggle with scalability, data confidentiality against quantum threats, and real-time privacy-preserving intelligence. This paper introduces Med-Q Ledger, a novel, multi-layered framework designed to overcome these critical limitations in the Medical IoT domain. Med-Q Ledger integrates a permissioned Hyperledger Fabric for transactional integrity with a scalable Holochain Distributed Hash Table for high-volume telemetry, achieving horizontal scalability and sub-second commit times. To fortify long-term data security, the framework incorporates post-quantum cryptography (PQC), specifically CRYSTALS-Di lithium signatures and Kyber Key Encapsulation Mechanisms. Real-time, privacy-preserving intelligence is delivered through an edge-based federated learning (FL) model, utilizing lightweight autoencoders for anomaly detection on encrypted gradients. We validate Med-Q Ledger's efficacy through a critical application: the prediction of intestinal complications like necrotizing enterocolitis (NEC) in preterm infants, a condition frequently necessitating emergency colostomy. By processing physiological data from maternal wearable sensors and infant intestinal images, our integrated Random Forest model demonstrates superior performance in predicting colostomy necessity. Experimental evaluations reveal a throughput of approximately 3400 transactions per second (TPS) with ~180 ms end-to-end latency, a >95% anomaly detection rate with <2% false positives, and an 11% computational overhead for PQC on resource-constrained devices. Furthermore, our results show a 0.90 F1-score for colostomy prediction, a 25% reduction in emergency surgeries, and 31% lower energy consumption compared to MQTT baselines. Med-Q Ledger sets a new benchmark for secure, high-performance, and privacy-preserving IoMT analytics, offering a robust blueprint for next-generation healthcare deployments.",2025,10.2196/64279,https://pubmed.ncbi.nlm.nih.gov/41094811/,pubmed
97,An ensemble of deep representation learning with metaheuristic optimisation algorithm for critical health monitoring using internet of medical things.,Mai Alduailij,Scientific reports,"The Internet of Things (IoT) plays a significant part in the healthcare field. The growth of smart devices, smart sensors, and advanced lightweight communication protocols has created an opportunity to connect medical devices for monitoring biomedical signals and identifying patients' illnesses without human involvement, known as the Internet of Medical Things (IoMT). The IoMT enables a medical method to connect various smart devices, such as hospital assets, wearable sensors, and medical examination instruments, to create an information platform. In recent times, the IoMT has been extensively utilized in various areas, including disease diagnosis, smart hospitals, infectious disease tracking, and remote health monitoring. Still, safety is one of the key requirements for the success of IoMT systems. Thus, at present, deep learning (DL) is considered a safe IoMT system, as it can enhance the system's performance. In this manuscript, the Ensemble of Deep Learning and Metaheuristic Optimisation algorithms for the Critical Health Monitoring (EDLMOA-CHM) technique is proposed. The EDLMOA-CHM technique aims to develop and evaluate effective methods for monitoring health conditions in the IoMT to enhance healthcare system security and patient safety. Initially, the Z-score normalization method is employed in the data pre-processing step to clean, transform, and organize raw data into an appropriate format. For the feature selection process, the binary grey wolf optimization (BGWO) model is employed to identify and retain the most significant features in the dataset. The classification process utilizes ensemble models, including the Temporal Convolutional Network (TCN), the Attention-based Bidirectional Gated Recurrent Unit (A-BiGRU), and the Hybrid Deep Belief Network (HDBN) techniques. To further optimize model performance, the pelican optimization algorithm (POA) is utilized for hyperparameter tuning to ensure that the optimum hyperparameters are chosen for enhanced accuracy. To demonstrate the improved performance of the EDLMOA-CHM model, a comprehensive experimental analysis is conducted using the healthcare IoT dataset. The comparison analysis of the EDLMOA-CHM model demonstrated a superior accuracy value of 99.56% over existing techniques.",2025,10.1038/s41598-025-15005-9,https://pubmed.ncbi.nlm.nih.gov/40784985/,pubmed
98,Reliable ECG Anomaly Detection on Edge Devices for Internet of Medical Things Applications.,Moez Hizem; Leila Bousbia; Yassmine Ben Dhiab; Mohamed Ould-Elhassen Aoueileyine; Ridha Bouallegue,"Sensors (Basel, Switzerland)","The advent of Tiny Machine Learning (TinyML) has unlocked the potential to deploy machine learning models on resource-constrained edge devices, revolutionizing real-time monitoring in Internet of Medical Things (IoMT) applications. This study introduces a novel approach to real-time electrocardiogram (ECG) anomaly detection by integrating TinyML with edge Artificial Intelligence (AI) on low-power embedded systems. We demonstrate the feasibility and effectiveness of deploying optimized models on edge devices, such as the Raspberry Pi and Arduino, to detect ECG anomalies, including arrhythmias. The proposed workflow encompasses data preprocessing, feature extraction, and model inference, all executed directly on the edge device, eliminating the need for cloud resources. To address the constraints of memory and power consumption in wearable devices, we applied advanced optimization techniques, including model pruning and quantization, achieving an optimal balance between accuracy and resource utilization. The optimized model achieved an accuracy of 92.3% while reducing the power consumption to 0.024 mW, enabling continuous, long-term health monitoring with minimal energy requirements. This work highlights the potential of TinyML to advance edge AI for real-time medical applications.",2025,10.3390/s24113426,https://pubmed.ncbi.nlm.nih.gov/40285186/,pubmed
99,Leveraging blockchain and IoMT for secure and interoperable electronic health records.,Soufiane Ben Othman; Masresha Getahun,Scientific reports,"The Internet of Medical Things (IoMT) is transforming healthcare by seamlessly connecting medical devices, wearables, and sensors to enable personalized, real-time health monitoring and treatment for consumers. As IoMT continues to advance, ensuring the security and privacy of transmitted data has become a critical concern. Blockchain technology has emerged as a promising solution to enhance privacy and security, particularly in sensitive areas such as medical data within the Internet of Things. By integrating blockchain with IoT, secure transmission of medical data can be achieved, paving the way for improved healthcare services, enhanced consumer privacy, and accelerated medical advancements. In this paper, we propose EHRGuard: Enhancing Privacy and Security of Electronic Health Records through Blockchain Technology. EHRGuard is a novel system that leverages blockchain technology to address key challenges in the management of Electronic Health Records (EHRs), with a focus on improving privacy, security, and interoperability in healthcare data systems for consumers. The framework utilizes the Internet of Medical Things (IoMT) to collect real-time health data from consumers through sensors and integrates blockchain technology to ensure data anonymity, security, and integrity. By combining IoMT and blockchain, EHRGuard enables the seamless and secure gathering of real-time health data, ensuring that sensitive information is protected from unauthorized access and tampering. Experimental results demonstrate that the proposed system outperforms traditional healthcare systems in terms of service quality and consumer data monitoring. This innovative approach not only enhances the security and privacy of EHRs but also fosters trust and efficiency in healthcare systems, ultimately benefiting consumers and advancing medical research and treatment.",2025,10.1007/s42600-023-00319,https://pubmed.ncbi.nlm.nih.gov/40211028/,pubmed
100,Federated Learning for IoMT-Enhanced Human Activity Recognition with Hybrid LSTM-GRU Networks.,Fahad R Albogamy,"Sensors (Basel, Switzerland)","The proliferation of wearable sensors and mobile devices has fueled advancements in human activity recognition (HAR), with growing importance placed on both accuracy and privacy preservation. In this paper, the author proposes a federated learning framework for HAR, leveraging a hybrid Long Short-Term Memory (LSTM) and Gated Recurrent Unit (GRU) model to enhance feature extraction and classification in decentralized environments. Utilizing three public datasets-UCI-HAR, HARTH, and HAR7+-which contain diverse sensor data collected from free-living activities, the proposed system is designed to address the inherent privacy risks associated with centralized data processing by deploying Federated Averaging for local model training. To optimize recognition accuracy, the author introduces a dual-feature extraction mechanism, combining convolutional blocks for capturing local patterns and a hybrid LSTM-GRU structure to detect complex temporal dependencies. Furthermore, the author integrates an attention mechanism to focus on significant global relationships within the data. The proposed system is evaluated on the three public datasets-UCI-HAR, HARTH, and HAR7+-achieving superior performance compared to recent works in terms of F1-score and recognition accuracy. The results demonstrate that the proposed approach not only provides high classification accuracy but also ensures privacy preservation, making it a scalable and reliable solution for real-world HAR applications in decentralized and privacy-conscious environments. This work showcases the potential of federated learning in transforming human activity recognition, combining advanced feature extraction methodologies and privacy-respecting frameworks to deliver robust, real-time activity classification.",2025,10.3390/s23052368,https://pubmed.ncbi.nlm.nih.gov/39943546/,pubmed
101,Internet of things and health monitoring of patients with cancer: A scoping review.,Azita Aghebti; Haleh Ayatollahi; Morteza Hemmat,Digital health,"Internet of Things (IoT) technology utilizes tools such as smartphones, smartwatches equipped with accelerometers, ingestible dosimeters, and blood pressure and blood glucose monitoring sensors which enables continuous monitoring of patient symptoms. Data collected by these devices are stored and analyzed in a timely manner, contributing to the provision of accurate and reliable information for managing patient health. This study aimed to investigate the role of IoT technology in health monitoring of patients with cancer. In this scoping review, articles were extracted from different databases including Web of Science, PubMed, Scopus, the Cochrane Library, IEEE Xplore, ProQuest, and Google Scholar search engine from 1st January 2015 to 31st May 2026. Article screening was performed based on the PRISMA-ScR guideline. The required data were collected using a data extraction form. Then data were analyzed, categorized into tables and reported descriptively. Initially, 384 articles were extracted and after screening and reading their full texts, 20 studies met the inclusion criteria and were included in this study. The use of IoT had clinical and non-clinical impacts, and its benefits included enabling remote monitoring and easy access to data transmitted through devices and applications equipped with this technology. This study showed that IoT significantly enhanced patients' quality of life through precise and continuous health monitoring. The use of IoT technology enables accurate, continuous, and timely collection of health-related data for patients with cancer, and has been well-received by patients. This innovative approach can not only help to improve treatment quality and enhance patients' quality of life, but also has a positive impact on better health management by preventing symptom progression and reducing the likelihood of new complications. Continued investment in technological development and cross-disciplinary collaboration is essential to fully realize the transformative role of IoT in oncology.",2026,10.1007/s11276-020-02340-0,https://pubmed.ncbi.nlm.nih.gov/42539679/,pubmed
102,EvoApneaFormer: an IoT and prognostic evolutionary deep learning-based framework for real-time multi-event sleep apnea disorder detection and remote monitoring.,Abdullah; Zulaikha Fatima; José Luis Oropeza Rodríguez; Osvaldo Espinosa Sosa,Frontiers in bioengineering and biotechnology,"Sleep apnea is a prevalent, yet underdiagnosed, disorder associated with cardiovascular disease, hypertension, and cognitive decline. Although polysomnography (PSG) is the diagnostic gold standard, its high cost > $6,000 per unit, invasiveness, and limited availability hinder large-scale screening. To overcome these barriers, we propose ApneaSense, a non-intrusive IoT-enabled diagnostic framework powered by EvoApneaFormer, an evolutionary transformer-based deep learning model for temporal bio-signal fusion and adaptive learning. EvoApneaFormer combines dynamic self-attention with neuroevolutionary optimization, enabling superior convergence, noise resilience, and generalization across heterogeneous signals. ApneaSense processes synchronized ECG, SpO2, respiratory effort, and motion data on low-power Raspberry Pi 4 hardware <2W using TensorFlow Lite quantization, with a companion Flutter app for real-time visualization, 72-h offline operation, and secure HL7/FHIR telehealth synchronization. Clinical validation on a hybrid dataset, the UCD Sleep Apnea Database (n = 25) and the ApneaSense Clinical Dataset (n = 61), with stratified patient-level splitting. On the held-out test cohort (n = 17), EvoApneaFormer achieved 99.98% accuracy, 99.91% precision, 99.95% recall, a 99.93% F1-score, and a 0.999 macro-AUC. Six apnea classes, namely, normal, obstructive, central, mixed, hypopnea, and respiratory effort-related arousal (RERA), were each identified with ≥99.8% accuracy. Real-world trials confirmed robustness in both clinical 99.8% and home 96.9% settings, even under motion artifacts and signal dropouts. SHAP-based interpretability and uncertainty quantification were deemed actionable by 82% of clinicians. Cost-effectiveness analysis indicated break-even in 6.2 months at $5,200/QALY. Compared to wearable oximeters, ApneaSense suggested a 9.98-point accuracy gain at one-third the cost per test, representing a paradigm shift in edge-based respiratory diagnostics for scalable and personalized sleep apnea monitoring in underserved communities.",2026,10.1016/j.ymeth.2022.06.013,https://pubmed.ncbi.nlm.nih.gov/42367379/,pubmed
103,NurtureNest: an IoT-wearable predictive analytics framework for real-time maternal risk assessment.,Deepa Rani; Tanuj Wala; Rajeev Kumar; Naveen Chauhan,Biomedical physics & engineering express,"Pregnancy-related complications are increasing globally, necessitating timely and accurate risk prediction for effective clinical intervention. This paper presents NurtureNest, an internet of things-enabled machine learning framework for automated pregnancy risk assessment. The system integrates wearable sensor data from smartwatches with user-provided clinical parameters via a mobile application, enabling continuous remote monitoring. Historical clinical data are used to train multiple machine learning models for multi-class classification of pregnancy risk into low-, medium-, and high-risk categories. Ensemble learning techniques are independently trained and evaluated alongside conventional machine learning classifiers to assess their effectiveness in pregnancy risk prediction. Experimental results show that LightGBM achieves the highest performance with 92.86% test accuracy and 95.04% cross-validation accuracy. Model performance is validated using ROC analysis and feature importance evaluation. The proposed framework enables early risk detection and supports timely clinical decision-making, improving maternal healthcare outcomes.",2026,10.1088/2057-1976/ae8305,https://pubmed.ncbi.nlm.nih.gov/42361820/,pubmed
104,Patch Antenna Design and Experimental Validation for Biomedical IoT Communication in 2.4 GHz ESP32-Based Health Monitoring Systems.,Younes Siraj; Youssef Khardioui; Youssef Mejdoub; Hela Elmannai; Jaouad Foshi; Mohammed El Ghzaoui,"Sensors (Basel, Switzerland)","This paper presents a compact wearable patch antenna operating in the 2.4 GHz ISM band for biomedical Internet of Things (IoT)-based healthcare monitoring applications. The proposed antenna is intended for integration with wearable biomedical sensors in order to support real-time physiological data transmission in remote patient monitoring systems. The antenna was designed on an FR4 substrate to achieve good impedance matching and stable radiation performance. The antenna showed good performance, with a reflection coefficient of -39.56 dB and a gain of 3.01 dB. SAR analysis confirmed compliance with IEEE and ICNIRP safety standards for wearable applications. In addition, the antenna prototype was fabricated and experimentally validated using a vector network analyzer (VNA), showing good agreement between simulated and measured results. Furthermore, the proposed system was implemented by integrating an ESP32 microcontroller with a MAX30100 physiological sensor, where the sensor is responsible for acquiring real-time biomedical data, including heart rate and blood oxygen saturation (SpO2). The ESP32 processes the acquired data and enables wireless transmission through the proposed antenna to a smartphone and laptop using the Blynk IoT platform, which allows real-time remote monitoring and visualization of physiological parameters. The obtained results confirm the suitability of the proposed antenna for wearable biomedical devices, remote healthcare monitoring, and IoT-enabled healthcare applications.",2026,10.1016/j.aeue.2014.02.010,https://pubmed.ncbi.nlm.nih.gov/42356814/,pubmed
105,Internet of things-based pulmonary rehabilitation for moderate-to-severe chronic obstructive pulmonary disease: a prospective non-randomized controlled intervention study protocol.,Nianci Guo; Shukun Chai; Runlu Wang; Xiaoqian Gu; Jie Chen; Huikun Zhao; Kaili Qie; Wentao Ni; Jinying Shi,Frontiers in medicine,"Pulmonary rehabilitation (PR) constitutes a cornerstone of non-pharmacological management in chronic obstructive pulmonary disease (COPD); however, its clinical effectiveness is frequently attenuated by suboptimal patient adherence and the absence of individualized, continuous monitoring within the home setting. Internet of Things (IoT) technology offers a promising solution to these persistent challenges; however, comprehensive closed-loop management models that fully integrate IoT capabilities remain underexplored. This prospective, non-randomized controlled intervention study will enroll 588 patients with moderate-to-severe stable COPD (GOLD grades 2-4) from a single institution. Participants will be assigned to either conventional PR (Group A) or IoT-assisted PR (Group B) based on initial preference and technology readiness. Group B will receive IoT-enabled devices and a smartphone app to support home-based PR, including daily respiratory muscle training and structured aerobic/resistance exercise (3-5 sessions/week). Group A will receive standard PR education and guidance. Follow-ups will occur at weeks 4, 12, 26, and 52. The primary outcome is the 12-month rate of moderate-to-severe AECOPD. Secondary outcomes include pulmonary function, exercise capacity, HRQoL, right cardiac function, pneumonia incidence, all-cause mortality, and adherence. Analyses will be performed on an intention-to-treat basis. This study will evaluate the efficacy of an IoT-based pulmonary rehabilitation management model in reducing AECOPD-related readmissions and improving exercise tolerance, quality of life, and dyspnea in patients with moderate-to-severe COPD, while examining its feasibility and safety in a real-world setting. The findings may support the development of a technology-enabled continuous care model for chronic respiratory diseases, facilitating the transition from hospital-centric to patient-centric care and advancing the application of smart nursing and remote health management. The study protocol has been registered with the Chinese Clinical Trial Registry (ChiCTR2500106412).",2026,10.1186/s44247-024-00103-x,https://pubmed.ncbi.nlm.nih.gov/42344500/,pubmed
106,A PUF-Based Secure and Lightweight Authentication Protocol for Medical IoT Environments.,Hyeongeun Lim; Yohan Park; Youngho Park,"Sensors (Basel, Switzerland)","The development of sensor and communication technology has enabled the Internet of Things in healthcare. In Medical Internet of Things (MIoT) environments, sensors support real-time patient monitoring, remote diagnosis, and early disease detection. However, communication between users and sensors over public channels is vulnerable to various security attacks, making secure and lightweight authentication with session key establishment essential for protecting medical data. Recently, a lightweight and anonymous authentication protocol for MIoT environments was proposed using Physical Unclonable Functions (PUFs); however, we show that their protocol is vulnerable to eavesdropping, stolen verifier, and ephemeral secret leakage attacks, and fails to guarantee untraceability. To address these weaknesses, we propose a secure and lightweight PUF-based authentication protocol for MIoT environments. The security of our protocol is formally verified using Burrows-Abadi-Needham logic, the Real-or-Random model, and the Scyther tool. Furthermore, the practical validation of the proposed protocol is conducted on a hardware platform along with an evaluation of energy consumption based on the MIRACL cryptographic library. Performance comparisons demonstrate that our protocol achieves enhanced security properties with minimal computational overhead and communication costs. Ultimately, this research provides a secure and robust architectural option for healthcare applications aiming to preserve patient privacy in resource-constrained MIoT.",2026,10.3390/s22218279,https://pubmed.ncbi.nlm.nih.gov/42198031/,pubmed
107,Patient engagement with consumer wearable devices in the electronic health record.,Michael Sobolev; Allistair Clark; Mitchell Kamrava; Joshua Pevnick; Brennan Spiegel; Raymond Duncan; Gillian Gresham,Frontiers in digital health,"Data from wearable devices have the potential to transform personal health, clinical care and biomedical research. The purpose of this study was to quantify early adoption and short-term engagement with consumer-based wearable devices connected to an EHR outside of a study setting. We analyzed device data from 843 patients (mean age 48 years, 41% female) who connected their devices to the electronic health record (EHR) of a large academic medical center in the US between 2023 and 2025. The most popular connected consumer devices were the Apple Watch (56%), followed by the Oura ring (7.7%), and the Fitbit activity tracker (4.6%). Using survival analysis, we found that 692 (82%) patients remained engaged at three months, with actively connected devices. Cox regression models identified statistically significant differences in time to disengagement based on gender and step count. Regular and updated analyses of device adoption and engagement patterns are therefore warranted to increase the value of these devices and their data for the purpose of health monitoring and improvement.",2026,10.1038/s41746-020-0224-8,https://pubmed.ncbi.nlm.nih.gov/42179816/,pubmed
108,IoT-Based Biomedical Monitoring System for Preventive Maternal Healthcare and Early Detection of Obstetric Complications.,Diana Quiñonez; Yanira Benavides; Edgar Dulce-Villarreal; Alvaro Cervelion; Sixto Compaña,Studies in health technology and informatics,"Severe Maternal Morbidity (SMM) is defined as the condition in which a woman survives life-threatening complications during pregnancy, childbirth, or the postpartum period, representing a key indicator of the quality of obstetric care. In Colombia, SMM remains a critical challenge, with recent increases in incidence and risk factors associated with sociodemographic inequalities and limited access to healthcare services. In this context, emerging technologies such as the Internet of Things (IoT) offer opportunities to strengthen maternal health prevention and remote monitoring. This study proposes the design and development of a biomedical IoT device aimed at the early detection of risks associated with SMM. The system, composed of hardware and software modules interconnected through secure communication protocols, was developed using a hybrid incremental-prototyping approach combined with the agile Scrum methodology, enabling progressive validation and continuous adaptability. The results include a functional prototype at Technology Readiness Level (TRL) 5, capable of recording and transmitting key physiological variables through GSM connectivity and secure networks. This development is expected to have a significant impact in vulnerable regions far from medical centers, where the device can serve as an initial diagnostic and early clinical support tool. Overall, the system represents progress toward more preventive, interconnected, and equitable maternal health environments, strengthening the capacity to respond effectively to obstetric emergencies.",2026,10.3233/SHTI260711,https://pubmed.ncbi.nlm.nih.gov/42175378/,pubmed
109,AI and Internet of Things for Chronic Obstructive Pulmonary Disease Remote Monitoring: Systematic Review of Exacerbation Prediction and Key Physiological Variables.,Martina Montenegro; Jasper Gielen; Chunzhuo Wang; Bart Vanrumste; David Ruttens; Ruben Knevels; Jean-Marie Aerts,JMIR medical informatics,"Chronic obstructive pulmonary disease (COPD) is a leading cause of morbidity and mortality worldwide, with frequent exacerbations of COPD (ECOPD) significantly impacting patient health and health care systems. Predicting ECOPD early would increase patients' quality of life and decrease the economic burden. The advancement of wearable technologies and Internet of Things (IoT) sensors has enabled continuous remote monitoring (RM), offering new opportunities for early ECOPD prediction. However, effectively leveraging wearable data requires robust artificial intelligence (AI) frameworks capable of processing heterogeneous physiological and environmental information. This systematic review aims to provide a comprehensive overview of both hardware and software solutions for predicting ECOPD using RM. From the reviewed literature, we first focus on key physiological and environmental variables essential for COPD monitoring that can be extracted from wearables and IoT sensors. Second, we describe the wearable and IoT devices currently deployed in COPD management. Finally, we review machine learning, including deep learning models, used for ECOPD prediction, discussing limitations for real-world implementation. By bridging AI-driven data processing with real-world sensor applications, this review aims to outline the current landscape, existing challenges, and future directions for developing effective RM solutions for ECOPD predictions. A comprehensive search was conducted following the PRISMA (Preferred Reporting Items for Systematic Reviews and Meta-Analyses) guidelines to identify studies using AI or machine learning techniques for predicting ECOPD in in-home contexts. This review identified 26 studies that met the inclusion criteria. Twenty studies aimed at predicting or detecting exacerbations at the onset. The variables tracked most frequently were heart rate (n=9), peripheral oxygen saturation (n=9), and symptoms (n=8). Daily or weekly sampling was most common (n=14). Most studies (n=13) applied machine learning models-primarily random forest (n=5), CatBoost (n=2), decision trees (n=2), and support vector machines (n=2). Deep learning was used in 3 papers, while the remaining applied rule-based logics and probabilistic models. Wearables and IoT were used in only 6 out of 20 studies. Six papers analyzed changes in vital parameters during prodromal phases, defined as the period shortly before the onset of an exacerbation. Three studies collected data continuously, 2 daily, and 1 compared once-daily versus overnight monitoring; 4 of these 6 used wearable devices. Overall, current evidence highlights the potential of continuous monitoring of physiological and environmental variables for early ECOPD prediction, offering advantages over questionnaires or once-daily measurements. While wearables and IoT devices show promise, their use remains limited. Many studies rely on balanced datasets that do not mirror real-world exacerbation patterns and lack external validation across diverse populations. Future research should emphasize large-scale validation, integration of multimodal data, and translation of AI models into clinically feasible tools to enable timely intervention and improve COPD management.",2026,10.2196/52143,https://pubmed.ncbi.nlm.nih.gov/42090610/,pubmed
110,"A modular framework for mission-critical services in fog-based remote healthcare systems: identification, categorization, and evaluation.",Reza Sookhtsaraei; Mehdi Sakhaei-Nia; Fereshteh-Azadi Parand,Scientific reports,"​This paper addresses the challenges of integrating remote healthcare systems that rely on hybrid computing models—such as cloud computing, fog computing, and the Internet of Things (IoT)—to ensure real-time monitoring and reliable data communication. The authors propose a modular, flexible, and dependable system model for mission-critical remote healthcare services, focusing on five key components: Input/output (I/O) services, Artificial intelligence (AI) services, data services, security and privacy services, and context-aware services. Each component supports real-time responsiveness and interoperability, minimizing potential disruptions. A case study on trauma patient care demonstrates the model’s practical application within a hybrid computing framework. The evaluation, based on a simulation setup, shows that the hybrid model reduces latency, underlining the importance of distributed architectures for timely and reliable emergency care. The paper also reviews existing literature, highlighting the model’s versatility and its potential to enhance the delivery of remote healthcare services across various domains, thereby improving overall care quality and system efficiency.",2026,10.1016/j.jss.2022.111351,https://pubmed.ncbi.nlm.nih.gov/42056220/,pubmed
111,TrCN-HDC: Enhancing patient security with graphical authentication and cloud-assisted cardiac monitoring.,Geetha S; Vigenesh M; Santhosh R,Computer methods and programs in biomedicine,"Heart disease (HD) remains the leading cause of mortality worldwide, emphasizing the need for early detection and accurate diagnosis to improve patient outcomes. The integration of Internet of Things (IoT) technology in healthcare has enabled real-time data collection through smart wearable devices, facilitating continuous monitoring and early identification of HD. However, the low survival rates of sudden heart attacks highlight the necessity for a secure and intelligent patient monitoring system. To address this, we propose TrCN-HDC, a Transformer with Capsule Network-based framework designed for IoT-assisted heart disease diagnosis and prediction. The framework ensures patient security and privacy by implementing biometric authentication with the SHA-512 algorithm, securing access to medical data. Patient information is collected through wearable sensors and undergoes pre-processing, including missing value replacement, data normalization, and noise reduction, to enhance data quality. TrCN-HDC framework processes the refined data through Ascended Extensive ResNet (AE-ResNet) for deep feature extraction, followed by Hummingbird Optimization Algorithm (HBOA) for feature selection. The selected features are further refined using the Lightweight Wave Transformer (LW2T) for improved representation before final heart disease classification using Capsule Network (CapNet). The model's performance is evaluated using accuracy, disease prevalence (DP), positive predictive value (PPV), negative predictive value (NPV), sensitivity, specificity, F1-score, and ROC curve analysis. Conclusions- Experimental results demonstrate that TrCN-HDC outperforms existing models, providing a highly accurate, secure, and efficient heart disease detection system in modern smart healthcare environments.",2026,10.1016/j.cmpb.2026.109367,https://pubmed.ncbi.nlm.nih.gov/42048915/,pubmed
112,Gerontechnology Acceptance in Thai Older Adult Care Facilities-Sensor Network and Machine Learning Adoption: Mixed Methods Study.,Metta Ongkasuwan; Uree Cheasakul; Akechai Judkrue; Pair Sajampun,JMIR formative research,"Thailand is undergoing a rapid demographic transition, with an estimated 28% of the population expected to be aged 60 years or older by 2030. This shift creates an urgent demand for technology-enhanced solutions for older adults. Despite growing interest in Internet of Things (IoT) sensor networks and machine learning applications for older adult care, the patterns of technology acceptance and implementation readiness in Thai older adult care facilities remain underexplored. This study aimed to assess the readiness and adoption patterns of sensor network and machine learning technologies among older adults and care stakeholders in Thai older adult care facilities, guided by the Gerontechnology Acceptance Model (GTAM) and Service Exchange Value Creation Logic. A sequential explanatory mixed methods design was used. Phase 1 (quantitative) involved structured technology assessments by 12 health care technology specialists and survey administration to 120 consumer representatives (older adults, n=70; adult family members, n=50), stratified across Bangkok and Chiang Mai. Phase 2 (qualitative) comprised 20 semistructured interviews and 3 purposively selected focus groups from phase 1 participants to elaborate on the quantitative findings. The primary theoretical framework was GTAM, mapping 5 constructs (perceived usefulness, ease of use, social influence, facilitating conditions, and behavioral intention) to corresponding survey items. This study was approved by the Assumption University Institutional Review Board (AU-IRB 80/2024) and is registered under a noninterventional observational design; formal clinical trial registration was not applicable. IoT fall detection systems received the highest clinical efficacy ratings from specialists (mean 4.5, SD 0.3 on a 5-point scale) and achieved 89% user acceptance. Artificial intelligence-driven early warning systems demonstrated the highest perceived clinical impact (mean 4.7, SD 0.2) but also the greatest implementation complexity (mean 4.2, SD 0.5). The consumer survey findings revealed that digital literacy level was the strongest predictor of behavioral adoption intention (β=.62; P<.001), with high-confidence participants showing 2.3 times higher acceptance rates than low-confidence participants. Significant geographic differences emerged: Bangkok respondents showed higher acceptance of medical IoT technologies (mean 4.3, SD 0.3; t119=1.98; P=.05), while Chiang Mai respondents reported a stronger preference for environmental digital health solutions (mean 4.5, SD 0.3; t119=4.12; P<.001) and elevated privacy concerns (mean 4.2, SD 0.4; P=.005). Qualitative analysis identified 5 themes: surveillance anxiety, family-mediated adoption, regional digital trust, training needs, and dignity-preserving technology design. Smart technology integration in Thai older adult care facilities is feasible and accepted across demographic groups when implemented in phases, culturally adapted, and supported by digital literacy training. Key adoption enablers were digital confidence, family involvement, and privacy-respecting design. The GTAM-derived findings offer an evidence-based framework for deploying gerontechnology in health care contexts in developing nations. Longitudinal outcome studies are needed to validate clinical and economic projections from prior literature.",2026,10.1080/14719037.2014.881539,https://pubmed.ncbi.nlm.nih.gov/42612072/,pubmed
113,Finite State Machine-Guided Retrieval-Augmented Generation Improves Expert-Rated Acceptability of a Peripherally Inserted Central Catheter Self-Management Chatbot: Single-Center Content Validation Study.,Mangyeong Lee; Seung-Beom Cho; Jae-Wook Yu; Junghee Yoon; Jae-Boong Choi; Kyu-Hwan Jung; Juhee Cho,Journal of medical Internet research,"Patients with cancer undergoing long-term or vesicant chemotherapy frequently require peripherally inserted central catheters (PICCs). Due to the nature of ambulatory treatment administration, self-PICC management is essential for the continuation and completion of the planned treatment. Large language models offer potential for continuous patient support, but hallucinations and insufficient adherence to clinical protocols remain concerns. Fine-tuning (FT) and retrieval-augmented generation (RAG) improve factual grounding but cannot enforce the structured decision logic of expert-led PICC consultations, leaving the value of dialogue-control mechanisms unclear. This study is an expert-panel evaluation designed to exploratorily verify whether a finite state machine (FSM)-guided RAG architecture yields incremental gains in clinical acceptability when added on top of FT and RAG compared with simpler architectures (fine-tuned model alone; fine-tuned model with RAG). We conducted a blinded ablation comparison of three chatbot architectures sharing an identical fine-tuned GPT-4o-mini base: model 1 (fine-tuning only; FT), model 2 (FT + RAG), and model 3 (FT + RAG + FSM). Three nurses specializing in PICC management (≥10 y experience) independently evaluated responses to 43 PICC-related queries. The two-stage evaluation comprised query-level forced-choice preference and global Likert ratings across 8 predefined dimensions. Interrater agreement was quantified with Gwet AC1. Preference rates were compared with Cochran Q and pairwise McNemar tests with Bonferroni correction. Global Likert ratings were summarized descriptively across 8 predefined dimensions. The FSM-guided model (model 3) was preferred in 34 of 43 scenarios (79.1%). Interrater agreement was moderate (Gwet AC1=0.58, 95% CI 0.42-0.75; P<.001). Differences in model preference were significant (Cochran Q=48.2; P<.001). Pairwise McNemar tests showed model 3 was preferred significantly more often than model 1 and model 2 (both P<.001), while model 1 versus model 2 did not differ after Bonferroni correction. For the global ratings, descriptive statistics indicated that model 3 received higher ratings than models 1 and 2 across most criteria, although it tended to receive lower ratings for efficiency, possibly reflecting its multiturn structure. In qualitative debriefing, the nurses noted occasional unnecessary conversational turns under FSM guidance. In this expert-panel content-validation study, the FSM-guided fine-tuned RAG model received higher expert-rated acceptability than the simpler architectures, with FSM-based dialogue control more closely aligning chatbot outputs with expert-led PICC consultation patterns. Patient-facing usability testing and multicenter validation are required before claims regarding patient safety or clinical deployment can be made.",2026,10.2196/54263,https://pubmed.ncbi.nlm.nih.gov/42579604/,pubmed
114,LLM-Mediated Smart Tele-Primary Care for Rural Older Adults: A Caregiver-Centered and Scenario-Assessed Framework for Respiratory Infection Monitoring.,Angel Dario Pinto-Mangones; Yair E Rivera-Julio; Carolina Castellanos-Ramos; Nelson Alexander Pérez-García; Jagger Rivera-Julio; Juan M Torres-Tovio,"Sensors (Basel, Switzerland)","The COVID-19 pandemic accelerated the use of telemedicine and revealed persistent barriers in rural primary healthcare, especially among older adults and caregivers. This study proposes an LLM-mediated smart tele-primary-care framework to support respiratory infection monitoring in underserved communities of Córdoba, Colombia. The framework is based on caregiver-centered teleconsultation, remote monitoring, preventive education, structured symptom reporting, risk-based teletriage, and clinician-supervised digital support. The LLM functions as a controlled conversational interface to collect symptoms, organize patient information, reinforce health education, generate follow-up reminders, and identify predefined warning signs, without replacing clinical judgment or making autonomous diagnostic or treatment decisions. A preliminary scenario-based assessment examined whether the proposed workflow supports coherent triage and appropriate escalation of high-risk cases. Importantly, the described architecture-a telematic system for intelligent-engine access in assisted medicine support (ATIMAMS)-has been implemented and is currently operational at the Systems Engineering Program, Universidad del Sinú (Montería, Colombia), providing intelligent decision support for telemedicine consultations and remote assistance appointments in the study region. Overall, the study presents a context-sensitive, low-barrier, and safety-aware model for strengthening rural primary care, improving continuity of care, and supporting caregiver-mediated respiratory infection monitoring.",2026,10.1136/bmj-2023-078378,https://pubmed.ncbi.nlm.nih.gov/42515492/,pubmed
115,Mapping Machine Learning-Driven Cybersecurity Solutions in Health Care: Scoping Literature Review.,Kunal Rajput; Sharukh Zuberi; Mireille Elhajj; Washington Ochieng; Ara Darzi; Saira Ghafur,Journal of medical Internet research,"Health care systems face escalating cyberattacks, including the UK Synnovis ransomware attack, which halted pathology services for 14 weeks; the Ascension Health breach affecting 5.6 million patients; and the Change Healthcare breach costing US $2.5 billion. Conventional cybersecurity measures in health care remain reactive and inadequate against evolving threats. Machine learning (ML) offers adaptive, predictive, real-time cyber defense; yet, there is limited clarity on how ML tools are applied across cybersecurity domains, their real-world effectiveness, and where gaps remain. This study aims to map ML applications in health care cybersecurity against the National Institute of Standards and Technology Cybersecurity Framework version 2.0, summarize ML performance, and identify research gaps and implementation considerations. A systematic search of Ovid MEDLINE, Embase, and Scopus was conducted on July 30, 2025, for studies between 2019 and 2025. Eligible studies applied ML-based approaches to organizational-level cybersecurity in health care settings, with outcomes related to data privacy or cybersecurity strengthening. Studies on smart devices, blockchain, or those lacking empirical data were excluded. Title and abstract and full-text screening were conducted independently by 2 (KR and SZ) reviewers following the Arksey and O'Malley framework and PRISMA-ScR (Preferred Reporting Items for Systematic Reviews and Meta-Analyses extension for Scoping Reviews) guidelines, with discrepancies resolved by consensus. Data were synthesized narratively and mapped against the 6 National Institute of Standards and Technology Cybersecurity Framework version 2.0 functions (Identify, Protect, Detect, Respond, Recover, and Govern). From 10,348 articles identified, 45 studies across 18 countries were included, applying 80 ML models. Most studies addressed ""Protect"" (n=22, 48.9%), encompassing federated learning, homomorphic encryption, and deidentification pipelines. ""Detect"" (n=13, 28.9%) covered intrusion detection and anomaly-based threat detection. ""Identify"" (n=8, 17.8%) addressed risk assessment and vulnerability prediction. Only 2 studies addressed ""Respond,"" and none addressed ""Recover"" or ""Govern."" Classical ML, deep learning, and natural language processing predominated, with intrusion detection being the most common application (n=29). Despite strong controlled performance, only one study demonstrated real-world deployment; most rely on synthetic or outdated benchmark datasets and inconsistent reporting metrics. To our knowledge, this is the first scoping review to map ML-driven cybersecurity solutions against all six National Institute of Standards and Technology Cybersecurity Framework version 2.0 functions, offering a structured, policy-relevant evidence base. ML applications remain concentrated in preincident functions, with gaps in response, recovery, and governance. This highlights systematic blind spots and priorities for researchers and implementers. The evidence supports a phased implementation approach: beginning with detection systems, where evidence is most established and integration is most feasible, progressing to privacy-preserving architectures, for which the literature currently offers no guidance. Implementation requires sustained investment in infrastructure, representative datasets, explainable AI, and real-world validation. Limitations include language bias, methodological heterogeneity, and exclusion of medical devices and proprietary solutions.",2026,10.1109/TNNLS.2021.3121870,https://pubmed.ncbi.nlm.nih.gov/42507996/,pubmed
116,A Community-in-the-Loop Approach to Smart Home Monitoring for Aging in Place: Mixed Methods Evaluation of a Co-Designed Prototype.,Roschelle L Fritz; Connie Kim Yen Nguyen-Truong; Jennifer Phipps; Ellen E Hinderlie; Yolanda Lb Rodriguez; Thai Hien Nguyen; Gabrielle Barling; Anna Mishuk; Heather Schoonover; Christi Zuber; Marilyn Rantz,JMIR aging,"The population of adults aged 65 and older is rapidly increasing, while the availability of caregivers is declining. Smart homes that provide unobtrusive, continuous monitoring and alerting on clinically relevant changes in daily activity patterns offer a potentially innovative solution for aging in place. This study aims to evaluate the barriers and facilitators to the adoption of a low-cost smart home embedded within a community-based approach to health monitoring for older adults with multiple chronic conditions and who are experiencing poverty. Using a prospective, mixed methods design and iterative community co-design, 46 older adults from 7 different language groups were continuously monitored for 6 months with ambient sensors installed in their homes. Two older adults were monitored for 4 and 5 months, respectively, resulting in a total sample of 48. The system generated alerts based on movement pattern changes and escalated notifications to participants, support persons, community health workers, and nurses. Sensor data were analyzed descriptively to quantify alert patterns and response rates, while written text-based data from in-the-moment surveys, community health workers' and registered nurses' notes, and semistructured interviews underwent qualitative descriptive analysis and reflexive thematic coding. The system generated 37 million sensor readings condensed into 1.2 million high-level events and 4719 novel alerts. Qualitative data comprised 34,086 words of text. Participants responded to 1.57% (74) of the initial email alerts and 7.79% (368) of the follow-up SMS text message alerts sent when no email response was received. Community health workers and registered nurses responded to 78.36% (n=3698) of the escalated alerts, resulting in 1060 contacts with participants in response to alerts. Clinical contacts resulted in 72 interventions. Three major qualitative themes emerged: (1) Alone, (2) Trust, and (3) Human Connection. Subthemes included Safety, Personalization, and Digital Distress defined as stress associated with interacting with digital health-monitoring systems. Participants rated the system highly (mean likelihood-to-recommend rating 8.68/10, SD 1.68); however, they expressed a strong preference for phone calls over automated alerts. Cultural expectations influenced adoption, particularly in multigenerational households. Communities can effectively engage in technology-delivered health care. Future research is needed to improve technical aspects of smart home monitoring systems, including accurate alerting using machine learning, data visualizations for older adults and health care workers, and culturally sensitive features. Additional work should address how and when to communicate automated messaging, engage older adults with their own data, and integrate sensor-based monitoring into health care workflows. Research should also explore personalization through advanced computational approaches such as machine learning and strategies to reduce digital distress.",2026,10.2196/72716,https://pubmed.ncbi.nlm.nih.gov/42492087/,pubmed
117,Advances and Challenges in Wearable Sensors for Health Monitoring.,Laís Canniatti Brazaca; Alvaro Moreno Lozano; Beatriz Mayol; Desiree Tamara Scheidt; Domenico De Fazio; Enji Kim; Gabriel Maroli; Giulio Rosati; Hatice Ceren Ates; Hui Wang; Hye Jin Kim; Ji-Hwan Ha; Jin Yang; Jisoo Jeon; Jörg Goldhahn; Keval K Sonigara; La Li; Mingyu Zhou; Seokjoo Cho; Shicheng Fan; Shuang Wu; Vanessa Matos Gonçalves; Vitor H B Dei Santi; Weixin Zhou; Wenzheng Heng; Won Gi Chung; Xinming Li; Yang Zou; Yunxia Jin; Zixuan Wu; Amay J Bandodkar; Arben Merkoçi; Can Dincer; Chwee Teck Lim; Dae-Hyeong Kim; Emanuel Carrilho; Giovanni Antonio Salvatore; Guozhen Shen; Inkyu Park; Itthipon Jeerapan; Jang-Ung Park; Jin Wu; John S Ho; John Rogers; Joseph Wang; Kevin W Plaxco; Maria Cristina Ferreira de Oliveira; Martin Pumera; Noé Brasier; Omid Veiseh; Pooi See Lee; Vladimir V Tsukruk; Wei Gao; Yong Zhu; Zhong Lin Wang; Zhou Li; Juliane Sempionatto; Osvaldo N Oliveira,ACS applied materials & interfaces,"Analytical tools may revolutionize healthcare by enabling accessible, rapid, and decentralized testing. Wearable (bio)sensors, in particular, provide frequent or continuous patient monitoring through non- to minimally invasive measurements. This approach yields unprecedented amounts of health-related information, leading to more informed clinical decision-making and closer patient follow-up. In this mega-review article, we bring together leading researchers in the field to discuss the state of the art in wearable devices for health monitoring. We begin by providing a broad overview of the field through citation network analysis. We then review the application of chemical (bio)sensors in biofluids (e.g., sweat, saliva, tears, interstitial fluid, and cerebrospinal fluid), highlighting the challenges and advantages associated with each. Subsequently, we discuss the construction of wearable devices and their main formats (e.g., smart contact lenses, textiles, mouthguards, watches/wristbands, and implantable systems). Physical sensors are addressed in a dedicated section focusing on the assessment of heart rate, blood pressure, and body temperature. The role of soft electronics in wearable devices is also examined, as these technologies are essential for enhancing user comfort and sensor reliability, which demands advances in materials science. Furthermore, we present strategies for signal acquisition and transmission, as well as approaches for on-body energy harvesting and device self-powering. The use of artificial intelligence and machine learning is then discussed as a means of enhancing analytical performance and managing the large volumes of data generated by wearable devices. Finally, business, regulatory, and ethical considerations are examined. We expect that this review will provide an overview of sensing and biosensing technologies for health-related applications, identify promising research directions, and inspire future developments.",2026,10.1016/j.landig.2025.01.002,https://pubmed.ncbi.nlm.nih.gov/42460879/,pubmed
118,Light-adaptive Janus smart bandages empowered by deep learning for precise wound monitoring.,Linfei Luan; Youquan Wang; Liang Guan; Lirong Wang; Hongzhang Deng,Biosensors & bioelectronics,"The escalating healthcare impact of chronic wounds has prioritized the development of smart dressings for precise diagnosis and treatment. While wearable colorimetric sensors offer convenient diagnostics, their clinical accuracy is severely bottlenecked by ambient light interference. In this work, we report a bioinspired Janus smart bandage with light-adaptive deep learning for precise wound monitoring and accelerated healing. The smart bandage utilizes its Janus substrate to drive unidirectional exudate drainage, maintaining a dry wound bed while continuously delivering fresh analytes to multiplexed colorimetric sensors. We also integrate an LSTM-based deep learning model that autonomously calibrates colorimetric signals under varying color temperatures, eliminating illumination-induced inaccuracies and enabling high-fidelity quantification of wound pH, temperature, and glucose concentration with >96% accuracy. In vivo results demonstrate that this smart bandage not only ensures precise wound monitoring but also significantly accelerates wound closure. The integration of a bioinspired Janus structure with the adaptive deep learning model offers a compelling strategy for smart dressings, potentially advancing high-precision therapeutics in digital healthcare.",2026,10.1016/j.bios.2026.119003,https://pubmed.ncbi.nlm.nih.gov/42425001/,pubmed
119,Emerging trends in amino acid detection: wearable devices and machine learning-assisted signal processing.,Hui Xu; Lican He; Yu Wei; Yanqin Chen; Jian Shu,Analytical methods : advancing methods and applications,"As critical metabolic biomarkers, amino acids exert essential physiological functions, and their abnormal levels are closely associated with a range of diseases such as cancer, neurodegenerative disorders, and cardiovascular conditions. In recent years, amino acid analysis technologies have achieved remarkable advancements in the field of personalized healthcare. This review navigates the latest progress in amino acid analysis, with a focus on two prominent emerging trends. The first trend encompasses the development of flexible and wearable sensing devices for non-invasive, continuous amino acid monitoring in diverse biofluids, such as blood, sweat, and interstitial fluid. Particular attention is given to their design principles, operational mechanisms, practical applications, and key performance metrics. The second trend involves the application of machine learning (ML) for processing and interpreting complex response signals. Specifically, this review discusses how various ML approaches, including classical chemometric linear regression models, deep learning models, support vector machines (SVMs), ensemble learning, and tree-based models, address common challenges in complex environments, such as signal interference and nonlinear drift. Furthermore, this review outlines the current challenges and proposes future research directions, aiming to advance amino acid analysis toward more intelligent, integrated, and personalized health monitoring systems.",2026,10.1039/d6ay00596a,https://pubmed.ncbi.nlm.nih.gov/42396893/,pubmed
120,Artificial intelligence for child health: current capabilities and the next frontier.,Paul Dimitri,Archives of disease in childhood,"Artificial intelligence (AI) is reshaping paediatric healthcare, offering new capabilities across diagnosis, monitoring and treatment personalisation. Modern AI systems integrate multimodal data, including imaging, genomics, electronic health records, wearable sensors, environmental exposures and patient-reported outcomes, to generate insights tailored to children's developmental, physiological and psychosocial needs. Advances in machine learning, deep learning, natural language processing, computer vision and generative models are enabling earlier detection of rare diseases, dynamic risk stratification and personalised care pathways. Emerging technologies such as digital twins simulate individual disease trajectories and treatment responses, reducing reliance on traditional trial designs and supporting anticipatory, precision care.The next frontier of AI in healthcare includes adaptive decision support powered by reinforcement learning and advanced time-series modelling, allowing systems to respond to real-time physiological changes and support complex sequential decisions in areas such as ventilation, insulin dosing, deterioration prediction and medication titration. Parallel progress in remote monitoring and smart sensors is shifting care from hospitals to homes, supporting long-term condition management and reducing avoidable admissions. Causal AI offers further potential by uncovering true cause-and-effect relationships, enabling clinicians to understand why interventions work and explore counterfactual 'what-if' scenarios. Looking further ahead, quantum AI, neuromorphic computing and privacy-preserving federated learning may unlock new computational capabilities, enabling ultra-fast analysis, on-device learning and the secure use of distributed paediatric datasets. Realising this future requires rigorous governance, paediatric-specific validation, safeguards for privacy and autonomy and equitable digital access. When developed responsibly, AI has the potential to augment clinical expertise, reduce health inequalities and transform child health outcomes.",2026,10.1136/archdischild-2026-330388,https://pubmed.ncbi.nlm.nih.gov/42386397/,pubmed
121,Deep learning-enabled self-powered bimodal flexible sensor for intelligent access control.,Jiamin Chen; Xiaochen Wang; Nan Wang; Yiming Ma,Nanotechnology,"In the era of digital transformation characterized by the deep integration of artificial intelligence and the internet of things, human-machine interaction systems have become ubiquitous in smart architecture and urban security. As the primary security interface, intelligent access control systems face unprecedented challenges. Traditional biometric technologies, such as facial recognition and fingerprint scanning, not only rely heavily on external power sources but also encounter critical limitations regarding privacy risks and environmental sensitivity. To address these issues, this study develops a self-powered bimodal sensor based on a single-electrode triboelectric nanogenerator, providing a low-power, high-security, and multidimensional sensing solution. The core of the sensor lies in its sophisticated functional structural design, featuring a polydimethylsiloxane triboelectric layer patterned with a micro-pyramid array, integrated with a copper foil electrode and a polyethylene terephthalate substrate. The device leverages the coupled effects of contact electrification and electrostatic induction to convert mechanical stimuli into characteristic electrical signals rich in material electronegativity and human kinetic information. To extract latent features from these complex waveforms, a deep learning framework based on a convolutional neural network is implemented to analyze and decouple the signals. Experimental results demonstrate that the system exhibits superior recognition performance in complex environments: in single-dimensional tasks, the accuracies for material identification and user authentication reach 99.83% and 98.88%, respectively. Even under a challenging scenario, the system maintains a high recognition accuracy of 96.15%. This work provides a robust technological foundation for future smart security, flexible electronic skins, and personalized healthcare monitoring.",2026,10.1088/1361-6528/ae83c1,https://pubmed.ncbi.nlm.nih.gov/42372767/,pubmed
122,Intelligent Biosensors for Diabetic Wound Monitoring.,Shuqin Li; Xiu-Hong Wang,Biosensors,"Diabetic chronic wounds, characterized by persistent inflammation and a complex microenvironment, pose a major challenge to global healthcare. Traditional dressings act merely as passive physical barriers, lacking the ability to sense biochemical fluctuations or respond to dynamic pathological changes. Therefore, developing smart platforms for in situ, continuous, and non-invasive monitoring is crucial for early warning and precision intervention. This review systematically explores recent advances in high-fidelity wound monitoring, focusing on the deep integration of ""front-end interface engineering"" and ""back-end data analysis"". We first analyze the specific physicochemical and biochemical abnormalities of the diabetic wound microenvironment. Next, we discuss how advanced material designs, such as active fluid management, anti-biofouling zwitterionic networks, and nanozyme-based reactive oxygen species (ROS) scavenging, ensure the long-term stability of sensing interfaces against complex microenvironmental interference. Building on this hardware foundation, we summarize in situ sensing strategies and multiparameter decoupling techniques tailored for key biomarkers, including pH, temperature, glucose, ROS, and MMP-9. Furthermore, we highlight cutting-edge developments in signal digitization, emphasizing the pivotal role of portable devices and machine learning algorithms in extracting high-dimensional features and translating complex multimodal signals into objective clinical metrics. By outlining this comprehensive technological closed-loop, this review aims to provide a systematic theoretical framework for the development and clinical translation of next-generation smart wound monitoring platforms.",2026,10.1016/j.tibtech.2022.12.005,https://pubmed.ncbi.nlm.nih.gov/42345863/,pubmed
123,"Real-World M3-BREATHE: Toward Multimodal Mobile Monitoring of Behaviour, Respiration, and Exposures for Treatment and Health Evaluation.",Wenbo Guo,Journal of visualized experiments : JoVE,"The integration of mobile health (mHealth) technologies for continuous, real-time monitoring of physiological and behavioural signals, in concert with detailed measurement of environmental exposures, holds transformative potential for advancing personalized health risk assessment and enabling more effective treatment and intervention. In this protocol, I introduce a multimodal mobile monitoring system specifically designed to capture and integrate data on individual behaviour (daily activities and travel), respiratory function, physiological parameters and environmental exposures. The system combines mobile health devices and portable environmental sensors with GPS-enabled smartphone-based applications to generate synchronized, high-resolution data streams. These data are processed through a smart mobile phone application by incorporating physiological parameter calculation (e.g., physical activity intensity, respiratory rate) and external urban environmental data (e.g., urban green spaces, street view maps), after which a machine learning-based alert system was deployed to provide actionable insights into respiratory health, daily activities and mobility patterns, and exposure to risk factors. The protocol provides comprehensive and detailed guidance on hardware setup, software configuration, data acquisition procedures, and analytical workflows necessary for deploying the Multimodal Mobile Monitoring of Behaviour, Respiration, and Exposures (air pollution, noise, light, heat, greenness, etc.) for Treatment and Health Evaluation (M3-BREATHE) in both controlled clinical experiments and real-world contexts. This forward-looking M3-BREATHE platform establishes a scalable, non-invasive, and cost-efficient approach to longitudinal environment-mobility-health (E-M-H) monitoring, linking individual-level precision health in everyday life with long-term health intelligence at the population scale.",2026,10.3791/69900,https://pubmed.ncbi.nlm.nih.gov/42330004/,pubmed
124,Wearable sensors for respiratory protection in occupational settings.,Jagannath Devkota; Hom N Sharma,Journal of safety research,"Wearable sensors are emerging as potential safety tools for protecting the respiratory health of workers across industries. This review summarizes recent research and technological advances in wearable sensors that enable continuous monitoring of respiratory metrics, including personal respiratory health and environmental exposure, across diverse workplaces. The review highlights the integration of these sensors into respirators and face masks for real-time monitoring of respiratory status, exposure, and device integrity. To illustrate the practical implications, the paper discusses representative case studies from high-risk sectors, including mining, firefighting, healthcare, construction, and oil and gas. This review reveals that, although several types of wearable respiratory sensors are available for public use, only a few are specifically tailored for occupational respiratory protection. Efforts toward field validation, standards development, user acceptance, and regulatory compliance are needed to translate prototypes into practical tools for occupational risk mitigation. The future of workplace respiratory safety will also benefit from the integration of these sensors with emerging technologies such as artificial intelligence, machine learning, the Internet of Things, and computer vision. This study provides an overview of the current state of wearable respiratory sensors, identifies outstanding challenges that hinder their widespread adoption in occupational settings, and outlines potential avenues for future research to translate them into validated occupational safety tools.",2026,10.1002/adma.202107758,https://pubmed.ncbi.nlm.nih.gov/42297476/,pubmed
125,Identification of Early Signs of Mental Health Disorders in Older Survivors of Cancer Using Patient-Generated Health Data: Observational Study.,Georgios Petridis; Antonios Billis; Georgios Meditskos; Athina Tsanousa; Paraskevas Lagakis; Juan Carlos Naranjo; José Zenóglio de Oliveira; Vania Tavares; Panagiotis D Bamidis,JMIR cancer,"Older survivors of cancer face heightened risk of depression and anxiety related to cancer experiences, fear of recurrence, and aging-related difficulties. Conventional mental health monitoring approaches, such as clinical assessments and even electronic patient-reported outcomes, are limited by recall bias, patient burden, and infrequent data collection. Emerging patient-generated health data from wearables and smart home devices offer passive, low-burden, continuous monitoring, but their ability to capture mental health risks in older survivors of cancer remains unclear. This study aims to explore whether patient-generated health data collected in the wild, either passively or actively, can classify older survivors of cancer as having or not having signs of anxiety and depression based on Patient Health Questionnaire-4 (PHQ-4) scores and to assess the potential added value of passive monitoring modalities, such as smart plugs. This study recruited 41 older survivors of cancer (mean age 72.3, SD 6.81 years) from the LifeChamps project. Over a 12-week period, participants were monitored using an activity tracker to measure physical activity, sleep, and physiological metrics; a smart scale to capture weight and body composition; and a smart plug to track television use as a proxy for sedentary television viewing. Mental health status was self-reported via the PHQ-4 questionnaire in a mobile app. Machine learning models were trained to classify mental health risk based on features derived from each sensor modality, both independently and in combination. Tree-based gradient boosting models showed good performance in classifying PHQ-4-defined mental health risk. The best-performing configuration, combining smart plug and smart scale features, achieved a mean F1-score of 0.77 (SD 0.15) and a mean area under the receiver operating characteristic curve (AUC) of 0.85 (SD 0.10) across 3 repeated train-test splits. Standalone smart plug models, based solely on passive television use patterns, achieved a mean F1-score of 0.66 (SD 0.04) and a mean AUC of 0.71 (SD 0.06), outperforming models that relied only on activity tracker data (mean F1 0.59, SD 0.2). Multimodal combinations tended to improve average performance but did not consistently yield large gains over the strongest single-modality configurations, likely reflecting adherence-related data loss for wearables and scales. Crucially, passive monitoring of television use patterns emerged as a promising behavioral proxy measure of mental health states. This study pioneers the use of passively collected data (eg, smart plugs) for mental health monitoring in older survivors of cancer, demonstrating their potential. Smart plugs capture behavioral patterns without user burden, with reasonable standalone performance (mean AUC 0.71, SD 0.06), positioning them as a promising low-burden modality. Future work should validate findings in larger independent cohorts and in prospective clinical workflows. Such technologies could transform monitoring for vulnerable populations, enabling scalable, inclusive care while reducing health care burdens.",2026,10.1016/j.sleep.2022.10.018,https://pubmed.ncbi.nlm.nih.gov/42284470/,pubmed
